RuleID,RuleType,FromClassName,FromAssetGroupCode,FromAssetGroup,FromAssetTypeCode,FromAssetType,FromTerminal,ToClassName,ToAssetGroupCode,ToAssetGroup,ToAssetTypeCode,ToAssetType,ToTerminal,ViaClassName,ViaAssetGroupCode
6111,Attachment,meh.unadmin.StructureJunction,106,Electric Pad,201,Pad,,meh.unadmin.ElectricJunction,7,Medium Voltage Attachment,61,Underground,,,
6092,Attachment,meh.unadmin.StructureJunction,106,Electric Pad,201,Pad,,meh.unadmin.ElectricAssembly,14,Medium Voltage Fuse Bank,223,Pad Mounted Disconnect,,,
6093,Attachment,meh.unadmin.StructureJunction,106,Electric Pad,201,Pad,,meh.unadmin.ElectricAssembly,15,Medium Voltage Power Factor Correcting Bank,244,Pad Mounted Capacitor,,,
6094,Attachment,meh.unadmin.StructureJunction,106,Electric Pad,201,Pad,,meh.unadmin.ElectricAssembly,17,Medium Voltage Service Bank,281,PM Commercial Customer,,,
6095,Attachment,meh.unadmin.StructureJunction,106,Electric Pad,201,Pad,,meh.unadmin.ElectricAssembly,17,Medium Voltage Service Bank,282,PM Industrial Customer,,,
6096,Attachment,meh.unadmin.StructureJunction,106,Electric Pad,201,Pad,,meh.unadmin.ElectricAssembly,17,Medium Voltage Service Bank,283,Primary Meter,,,
6097,Attachment,meh.unadmin.StructureJunction,106,Electric Pad,201,Pad,,meh.unadmin.ElectricAssembly,18,Medium Voltage Switch Bank,307,Pad Mounted Recloser,,,
6098,Attachment,meh.unadmin.StructureJunction,106,Electric Pad,201,Pad,,meh.unadmin.ElectricAssembly,18,Medium Voltage Switch Bank,308,Pad Mounted Sectionalizer,,,
6099,Attachment,meh.unadmin.StructureJunction,106,Electric Pad,201,Pad,,meh.unadmin.ElectricAssembly,18,Medium Voltage Switch Bank,309,Pad Mounted Switch,,,
6100,Attachment,meh.unadmin.StructureJunction,106,Electric Pad,201,Pad,,meh.unadmin.ElectricAssembly,19,Medium Voltage Transformer Bank,333,Pad Mounted Single Phase,,,
6105,Attachment,meh.unadmin.StructureJunction,106,Electric Pad,201,Pad,,meh.unadmin.ElectricAssembly,19,Medium Voltage Transformer Bank,334,Pad Mounted Three Phase,,,
6106,Attachment,meh.unadmin.StructureJunction,106,Electric Pad,201,Pad,,meh.unadmin.ElectricAssembly,19,Medium Voltage Transformer Bank,335,Pad Mounted Three Phase Delta,,,
6108,Attachment,meh.unadmin.StructureJunction,106,Electric Pad,201,Pad,,meh.unadmin.ElectricAssembly,19,Medium Voltage Transformer Bank,336,Pad Mounted Three Phase Wye,,,
6101,Attachment,meh.unadmin.StructureJunction,106,Electric Pad,201,Pad,,meh.unadmin.ElectricAssembly,19,Medium Voltage Transformer Bank,337,Pad Mounted Step Single Phase,,,
6102,Attachment,meh.unadmin.StructureJunction,106,Electric Pad,201,Pad,,meh.unadmin.ElectricAssembly,19,Medium Voltage Transformer Bank,338,Pad Mounted Step Three Phase,,,
6103,Attachment,meh.unadmin.StructureJunction,106,Electric Pad,201,Pad,,meh.unadmin.ElectricAssembly,19,Medium Voltage Transformer Bank,339,Pad Mounted Step Three Phase Delta,,,
6104,Attachment,meh.unadmin.StructureJunction,106,Electric Pad,201,Pad,,meh.unadmin.ElectricAssembly,19,Medium Voltage Transformer Bank,340,Pad Mounted Step Three Phase Wye,,,
6107,Attachment,meh.unadmin.StructureJunction,106,Electric Pad,201,Pad,,meh.unadmin.ElectricAssembly,19,Medium Voltage Transformer Bank,342,Pad Mounted Three Phase Open Wye,,,
6109,Attachment,meh.unadmin.StructureJunction,106,Electric Pad,201,Pad,,meh.unadmin.ElectricAssembly,19,Medium Voltage Transformer Bank,343,Submersible Single Phase,,,
6110,Attachment,meh.unadmin.StructureJunction,106,Electric Pad,201,Pad,,meh.unadmin.ElectricAssembly,19,Medium Voltage Transformer Bank,344,Submersible Three Phase,,,
6113,Attachment,meh.unadmin.StructureJunction,107,Electric Pedestal,241,Pedestal,,meh.unadmin.ElectricAssembly,10,Low Voltage Service Bank,41,Industrial Customer,,,
6115,Attachment,meh.unadmin.StructureJunction,107,Electric Pedestal,241,Pedestal,,meh.unadmin.ElectricAssembly,10,Low Voltage Service Bank,42,Utility Customer,,,
6112,Attachment,meh.unadmin.StructureJunction,107,Electric Pedestal,241,Pedestal,,meh.unadmin.ElectricAssembly,10,Low Voltage Service Bank,161,Commercial,,,
6114,Attachment,meh.unadmin.StructureJunction,107,Electric Pedestal,241,Pedestal,,meh.unadmin.ElectricAssembly,10,Low Voltage Service Bank,284,Residential,,,
6116,Attachment,meh.unadmin.StructureJunction,107,Electric Pedestal,241,Pedestal,,meh.unadmin.ElectricDevice,22,Low Voltage Service,422,Single Phase Residential,Single Terminal,,
6117,Attachment,meh.unadmin.StructureJunction,110,Electric Vault,361,Vault,,meh.unadmin.ElectricJunction,7,Medium Voltage Attachment,61,Underground,,,
6118,Attachment,meh.unadmin.StructureJunction,110,Electric Vault,361,Vault,,meh.unadmin.ElectricJunction,9,Medium Voltage Line End,101,Underground Terminator,,,
5916,Attachment,meh.unadmin.StructureJunction,120,Electric High Voltage Pole,321,H-Frame,,meh.unadmin.ElectricJunction,1,High Voltage Attachment,1,AC Overhead,,,
5917,Attachment,meh.unadmin.StructureJunction,120,Electric High Voltage Pole,321,H-Frame,,meh.unadmin.ElectricJunction,3,High Voltage Line End,41,AC,,,
5918,Attachment,meh.unadmin.StructureJunction,120,Electric High Voltage Pole,321,H-Frame,,meh.unadmin.ElectricJunction,3,High Voltage Line End,43,AC Riser,,,
5919,Attachment,meh.unadmin.StructureJunction,120,Electric High Voltage Pole,321,H-Frame,,meh.unadmin.ElectricJunction,3,High Voltage Line End,44,DC Riser,,,
5920,Attachment,meh.unadmin.StructureJunction,120,Electric High Voltage Pole,321,H-Frame,,meh.unadmin.ElectricJunction,4,Low Voltage Attachment,60,Overhead,,,
5921,Attachment,meh.unadmin.StructureJunction,120,Electric High Voltage Pole,321,H-Frame,,meh.unadmin.ElectricJunction,5,Low Voltage Connection Point,82,Overhead Tap,,,
5922,Attachment,meh.unadmin.StructureJunction,120,Electric High Voltage Pole,321,H-Frame,,meh.unadmin.ElectricJunction,6,Low Voltage Line End,103,Riser,,,
5923,Attachment,meh.unadmin.StructureJunction,120,Electric High Voltage Pole,321,H-Frame,,meh.unadmin.ElectricJunction,8,Medium Voltage Connection Point,82,Overhead Tap,,,
5924,Attachment,meh.unadmin.StructureJunction,120,Electric High Voltage Pole,321,H-Frame,,meh.unadmin.ElectricJunction,9,Medium Voltage Line End,100,Overhead Line End,,,
5925,Attachment,meh.unadmin.StructureJunction,120,Electric High Voltage Pole,321,H-Frame,,meh.unadmin.ElectricJunction,9,Medium Voltage Line End,103,Riser,,,
5914,Attachment,meh.unadmin.StructureJunction,120,Electric High Voltage Pole,321,H-Frame,,meh.unadmin.ElectricDevice,16,Low Voltage Lighting,301,Flood light,Single Terminal,,
5915,Attachment,meh.unadmin.StructureJunction,120,Electric High Voltage Pole,321,H-Frame,,meh.unadmin.ElectricDevice,16,Low Voltage Lighting,302,Streetlight,Single Terminal,,
5910,Attachment,meh.unadmin.StructureJunction,120,Electric High Voltage Pole,321,H-Frame,,meh.unadmin.StructureJunction,102,Electric Guy,41,Anchor Guy,,,
5911,Attachment,meh.unadmin.StructureJunction,120,Electric High Voltage Pole,321,H-Frame,,meh.unadmin.StructureJunction,121,Electric Medium Voltage Pole,325,Riser Guard,,,
5913,Attachment,meh.unadmin.StructureJunction,120,Electric High Voltage Pole,321,H-Frame,,meh.unadmin.StructureJunction,123,Electric Support Pole,326,Stub,,,
5912,Attachment,meh.unadmin.StructureJunction,120,Electric High Voltage Pole,321,H-Frame,,meh.unadmin.StructureJunction,123,Electric Support Pole,327,Push Brace,,,
5958,Attachment,meh.unadmin.StructureJunction,120,Electric High Voltage Pole,324,Single Pole,,meh.unadmin.ElectricJunction,1,High Voltage Attachment,1,AC Overhead,,,
5959,Attachment,meh.unadmin.StructureJunction,120,Electric High Voltage Pole,324,Single Pole,,meh.unadmin.ElectricJunction,2,High Voltage Connection Point,21,AC Tap,,,
5960,Attachment,meh.unadmin.StructureJunction,120,Electric High Voltage Pole,324,Single Pole,,meh.unadmin.ElectricJunction,3,High Voltage Line End,41,AC,,,
5961,Attachment,meh.unadmin.StructureJunction,120,Electric High Voltage Pole,324,Single Pole,,meh.unadmin.ElectricJunction,3,High Voltage Line End,43,AC Riser,,,
5962,Attachment,meh.unadmin.StructureJunction,120,Electric High Voltage Pole,324,Single Pole,,meh.unadmin.ElectricJunction,3,High Voltage Line End,44,DC Riser,,,
5963,Attachment,meh.unadmin.StructureJunction,120,Electric High Voltage Pole,324,Single Pole,,meh.unadmin.ElectricJunction,4,Low Voltage Attachment,60,Overhead,,,
5964,Attachment,meh.unadmin.StructureJunction,120,Electric High Voltage Pole,324,Single Pole,,meh.unadmin.ElectricJunction,5,Low Voltage Connection Point,82,Overhead Tap,,,
5965,Attachment,meh.unadmin.StructureJunction,120,Electric High Voltage Pole,324,Single Pole,,meh.unadmin.ElectricJunction,6,Low Voltage Line End,103,Riser,,,
5966,Attachment,meh.unadmin.StructureJunction,120,Electric High Voltage Pole,324,Single Pole,,meh.unadmin.ElectricJunction,8,Medium Voltage Connection Point,82,Overhead Tap,,,
5967,Attachment,meh.unadmin.StructureJunction,120,Electric High Voltage Pole,324,Single Pole,,meh.unadmin.ElectricJunction,9,Medium Voltage Line End,100,Overhead Line End,,,
5968,Attachment,meh.unadmin.StructureJunction,120,Electric High Voltage Pole,324,Single Pole,,meh.unadmin.ElectricJunction,9,Medium Voltage Line End,103,Riser,,,
5956,Attachment,meh.unadmin.StructureJunction,120,Electric High Voltage Pole,324,Single Pole,,meh.unadmin.ElectricDevice,16,Low Voltage Lighting,301,Flood light,Single Terminal,,
5957,Attachment,meh.unadmin.StructureJunction,120,Electric High Voltage Pole,324,Single Pole,,meh.unadmin.ElectricDevice,16,Low Voltage Lighting,302,Streetlight,Single Terminal,,
5952,Attachment,meh.unadmin.StructureJunction,120,Electric High Voltage Pole,324,Single Pole,,meh.unadmin.StructureJunction,102,Electric Guy,41,Anchor Guy,,,
5953,Attachment,meh.unadmin.StructureJunction,120,Electric High Voltage Pole,324,Single Pole,,meh.unadmin.StructureJunction,121,Electric Medium Voltage Pole,325,Riser Guard,,,
5955,Attachment,meh.unadmin.StructureJunction,120,Electric High Voltage Pole,324,Single Pole,,meh.unadmin.StructureJunction,123,Electric Support Pole,326,Stub,,,
5954,Attachment,meh.unadmin.StructureJunction,120,Electric High Voltage Pole,324,Single Pole,,meh.unadmin.StructureJunction,123,Electric Support Pole,327,Push Brace,,,
5942,Attachment,meh.unadmin.StructureJunction,120,Electric High Voltage Pole,330,Single Circuit Lattice,,meh.unadmin.ElectricJunction,1,High Voltage Attachment,1,AC Overhead,,,
5943,Attachment,meh.unadmin.StructureJunction,120,Electric High Voltage Pole,330,Single Circuit Lattice,,meh.unadmin.ElectricJunction,3,High Voltage Line End,41,AC,,,
5944,Attachment,meh.unadmin.StructureJunction,120,Electric High Voltage Pole,330,Single Circuit Lattice,,meh.unadmin.ElectricJunction,3,High Voltage Line End,43,AC Riser,,,
5945,Attachment,meh.unadmin.StructureJunction,120,Electric High Voltage Pole,330,Single Circuit Lattice,,meh.unadmin.ElectricJunction,3,High Voltage Line End,44,DC Riser,,,
5946,Attachment,meh.unadmin.StructureJunction,120,Electric High Voltage Pole,330,Single Circuit Lattice,,meh.unadmin.ElectricJunction,4,Low Voltage Attachment,60,Overhead,,,
5947,Attachment,meh.unadmin.StructureJunction,120,Electric High Voltage Pole,330,Single Circuit Lattice,,meh.unadmin.ElectricJunction,5,Low Voltage Connection Point,82,Overhead Tap,,,
5948,Attachment,meh.unadmin.StructureJunction,120,Electric High Voltage Pole,330,Single Circuit Lattice,,meh.unadmin.ElectricJunction,6,Low Voltage Line End,103,Riser,,,
5949,Attachment,meh.unadmin.StructureJunction,120,Electric High Voltage Pole,330,Single Circuit Lattice,,meh.unadmin.ElectricJunction,8,Medium Voltage Connection Point,82,Overhead Tap,,,
5950,Attachment,meh.unadmin.StructureJunction,120,Electric High Voltage Pole,330,Single Circuit Lattice,,meh.unadmin.ElectricJunction,9,Medium Voltage Line End,100,Overhead Line End,,,
5951,Attachment,meh.unadmin.StructureJunction,120,Electric High Voltage Pole,330,Single Circuit Lattice,,meh.unadmin.ElectricJunction,9,Medium Voltage Line End,103,Riser,,,
5940,Attachment,meh.unadmin.StructureJunction,120,Electric High Voltage Pole,330,Single Circuit Lattice,,meh.unadmin.ElectricDevice,16,Low Voltage Lighting,301,Flood light,Single Terminal,,
5941,Attachment,meh.unadmin.StructureJunction,120,Electric High Voltage Pole,330,Single Circuit Lattice,,meh.unadmin.ElectricDevice,16,Low Voltage Lighting,302,Streetlight,Single Terminal,,
5938,Attachment,meh.unadmin.StructureJunction,120,Electric High Voltage Pole,330,Single Circuit Lattice,,meh.unadmin.StructureJunction,102,Electric Guy,41,Anchor Guy,,,
5939,Attachment,meh.unadmin.StructureJunction,120,Electric High Voltage Pole,330,Single Circuit Lattice,,meh.unadmin.StructureJunction,121,Electric Medium Voltage Pole,325,Riser Guard,,,
5899,Attachment,meh.unadmin.StructureJunction,120,Electric High Voltage Pole,331,Dual Circuit Lattice,,meh.unadmin.ElectricJunction,1,High Voltage Attachment,1,AC Overhead,,,
5900,Attachment,meh.unadmin.StructureJunction,120,Electric High Voltage Pole,331,Dual Circuit Lattice,,meh.unadmin.ElectricJunction,2,High Voltage Connection Point,21,AC Tap,,,
5901,Attachment,meh.unadmin.StructureJunction,120,Electric High Voltage Pole,331,Dual Circuit Lattice,,meh.unadmin.ElectricJunction,3,High Voltage Line End,41,AC,,,
5902,Attachment,meh.unadmin.StructureJunction,120,Electric High Voltage Pole,331,Dual Circuit Lattice,,meh.unadmin.ElectricJunction,3,High Voltage Line End,43,AC Riser,,,
5903,Attachment,meh.unadmin.StructureJunction,120,Electric High Voltage Pole,331,Dual Circuit Lattice,,meh.unadmin.ElectricJunction,3,High Voltage Line End,44,DC Riser,,,
5904,Attachment,meh.unadmin.StructureJunction,120,Electric High Voltage Pole,331,Dual Circuit Lattice,,meh.unadmin.ElectricJunction,4,Low Voltage Attachment,60,Overhead,,,
5905,Attachment,meh.unadmin.StructureJunction,120,Electric High Voltage Pole,331,Dual Circuit Lattice,,meh.unadmin.ElectricJunction,5,Low Voltage Connection Point,82,Overhead Tap,,,
5906,Attachment,meh.unadmin.StructureJunction,120,Electric High Voltage Pole,331,Dual Circuit Lattice,,meh.unadmin.ElectricJunction,6,Low Voltage Line End,103,Riser,,,
5907,Attachment,meh.unadmin.StructureJunction,120,Electric High Voltage Pole,331,Dual Circuit Lattice,,meh.unadmin.ElectricJunction,8,Medium Voltage Connection Point,82,Overhead Tap,,,
5908,Attachment,meh.unadmin.StructureJunction,120,Electric High Voltage Pole,331,Dual Circuit Lattice,,meh.unadmin.ElectricJunction,9,Medium Voltage Line End,100,Overhead Line End,,,
5909,Attachment,meh.unadmin.StructureJunction,120,Electric High Voltage Pole,331,Dual Circuit Lattice,,meh.unadmin.ElectricJunction,9,Medium Voltage Line End,103,Riser,,,
5897,Attachment,meh.unadmin.StructureJunction,120,Electric High Voltage Pole,331,Dual Circuit Lattice,,meh.unadmin.ElectricDevice,16,Low Voltage Lighting,301,Flood light,Single Terminal,,
5898,Attachment,meh.unadmin.StructureJunction,120,Electric High Voltage Pole,331,Dual Circuit Lattice,,meh.unadmin.ElectricDevice,16,Low Voltage Lighting,302,Streetlight,Single Terminal,,
5895,Attachment,meh.unadmin.StructureJunction,120,Electric High Voltage Pole,331,Dual Circuit Lattice,,meh.unadmin.StructureJunction,102,Electric Guy,41,Anchor Guy,,,
5896,Attachment,meh.unadmin.StructureJunction,120,Electric High Voltage Pole,331,Dual Circuit Lattice,,meh.unadmin.StructureJunction,121,Electric Medium Voltage Pole,325,Riser Guard,,,
5973,Attachment,meh.unadmin.StructureJunction,120,Electric High Voltage Pole,332,Triple Circuit Lattice,,meh.unadmin.ElectricJunction,1,High Voltage Attachment,1,AC Overhead,,,
5974,Attachment,meh.unadmin.StructureJunction,120,Electric High Voltage Pole,332,Triple Circuit Lattice,,meh.unadmin.ElectricJunction,3,High Voltage Line End,41,AC,,,
5975,Attachment,meh.unadmin.StructureJunction,120,Electric High Voltage Pole,332,Triple Circuit Lattice,,meh.unadmin.ElectricJunction,3,High Voltage Line End,43,AC Riser,,,
5976,Attachment,meh.unadmin.StructureJunction,120,Electric High Voltage Pole,332,Triple Circuit Lattice,,meh.unadmin.ElectricJunction,3,High Voltage Line End,44,DC Riser,,,
5977,Attachment,meh.unadmin.StructureJunction,120,Electric High Voltage Pole,332,Triple Circuit Lattice,,meh.unadmin.ElectricJunction,4,Low Voltage Attachment,60,Overhead,,,
5978,Attachment,meh.unadmin.StructureJunction,120,Electric High Voltage Pole,332,Triple Circuit Lattice,,meh.unadmin.ElectricJunction,5,Low Voltage Connection Point,82,Overhead Tap,,,
5979,Attachment,meh.unadmin.StructureJunction,120,Electric High Voltage Pole,332,Triple Circuit Lattice,,meh.unadmin.ElectricJunction,6,Low Voltage Line End,103,Riser,,,
5980,Attachment,meh.unadmin.StructureJunction,120,Electric High Voltage Pole,332,Triple Circuit Lattice,,meh.unadmin.ElectricJunction,8,Medium Voltage Connection Point,82,Overhead Tap,,,
5981,Attachment,meh.unadmin.StructureJunction,120,Electric High Voltage Pole,332,Triple Circuit Lattice,,meh.unadmin.ElectricJunction,9,Medium Voltage Line End,100,Overhead Line End,,,
5982,Attachment,meh.unadmin.StructureJunction,120,Electric High Voltage Pole,332,Triple Circuit Lattice,,meh.unadmin.ElectricJunction,9,Medium Voltage Line End,103,Riser,,,
5971,Attachment,meh.unadmin.StructureJunction,120,Electric High Voltage Pole,332,Triple Circuit Lattice,,meh.unadmin.ElectricDevice,16,Low Voltage Lighting,301,Flood light,Single Terminal,,
5972,Attachment,meh.unadmin.StructureJunction,120,Electric High Voltage Pole,332,Triple Circuit Lattice,,meh.unadmin.ElectricDevice,16,Low Voltage Lighting,302,Streetlight,Single Terminal,,
5969,Attachment,meh.unadmin.StructureJunction,120,Electric High Voltage Pole,332,Triple Circuit Lattice,,meh.unadmin.StructureJunction,102,Electric Guy,41,Anchor Guy,,,
5970,Attachment,meh.unadmin.StructureJunction,120,Electric High Voltage Pole,332,Triple Circuit Lattice,,meh.unadmin.StructureJunction,121,Electric Medium Voltage Pole,325,Riser Guard,,,
5928,Attachment,meh.unadmin.StructureJunction,120,Electric High Voltage Pole,333,Quadruple Circuit Lattice,,meh.unadmin.ElectricJunction,1,High Voltage Attachment,1,AC Overhead,,,
5929,Attachment,meh.unadmin.StructureJunction,120,Electric High Voltage Pole,333,Quadruple Circuit Lattice,,meh.unadmin.ElectricJunction,3,High Voltage Line End,41,AC,,,
5930,Attachment,meh.unadmin.StructureJunction,120,Electric High Voltage Pole,333,Quadruple Circuit Lattice,,meh.unadmin.ElectricJunction,3,High Voltage Line End,43,AC Riser,,,
5931,Attachment,meh.unadmin.StructureJunction,120,Electric High Voltage Pole,333,Quadruple Circuit Lattice,,meh.unadmin.ElectricJunction,3,High Voltage Line End,44,DC Riser,,,
5932,Attachment,meh.unadmin.StructureJunction,120,Electric High Voltage Pole,333,Quadruple Circuit Lattice,,meh.unadmin.ElectricJunction,4,Low Voltage Attachment,60,Overhead,,,
5933,Attachment,meh.unadmin.StructureJunction,120,Electric High Voltage Pole,333,Quadruple Circuit Lattice,,meh.unadmin.ElectricJunction,5,Low Voltage Connection Point,82,Overhead Tap,,,
5934,Attachment,meh.unadmin.StructureJunction,120,Electric High Voltage Pole,333,Quadruple Circuit Lattice,,meh.unadmin.ElectricJunction,6,Low Voltage Line End,103,Riser,,,
5935,Attachment,meh.unadmin.StructureJunction,120,Electric High Voltage Pole,333,Quadruple Circuit Lattice,,meh.unadmin.ElectricJunction,8,Medium Voltage Connection Point,82,Overhead Tap,,,
5936,Attachment,meh.unadmin.StructureJunction,120,Electric High Voltage Pole,333,Quadruple Circuit Lattice,,meh.unadmin.ElectricJunction,9,Medium Voltage Line End,100,Overhead Line End,,,
5937,Attachment,meh.unadmin.StructureJunction,120,Electric High Voltage Pole,333,Quadruple Circuit Lattice,,meh.unadmin.ElectricJunction,9,Medium Voltage Line End,103,Riser,,,
5926,Attachment,meh.unadmin.StructureJunction,120,Electric High Voltage Pole,333,Quadruple Circuit Lattice,,meh.unadmin.StructureJunction,102,Electric Guy,41,Anchor Guy,,,
5927,Attachment,meh.unadmin.StructureJunction,120,Electric High Voltage Pole,333,Quadruple Circuit Lattice,,meh.unadmin.StructureJunction,121,Electric Medium Voltage Pole,325,Riser Guard,,,
6025,Attachment,meh.unadmin.StructureJunction,121,Electric Medium Voltage Pole,321,H-Frame,,meh.unadmin.ElectricJunction,5,Low Voltage Connection Point,82,Overhead Tap,,,
6026,Attachment,meh.unadmin.StructureJunction,121,Electric Medium Voltage Pole,321,H-Frame,,meh.unadmin.ElectricJunction,6,Low Voltage Line End,100,Overhead Line End,,,
6027,Attachment,meh.unadmin.StructureJunction,121,Electric Medium Voltage Pole,321,H-Frame,,meh.unadmin.ElectricJunction,6,Low Voltage Line End,103,Riser,,,
6028,Attachment,meh.unadmin.StructureJunction,121,Electric Medium Voltage Pole,321,H-Frame,,meh.unadmin.ElectricJunction,7,Medium Voltage Attachment,60,Overhead,,,
6029,Attachment,meh.unadmin.StructureJunction,121,Electric Medium Voltage Pole,321,H-Frame,,meh.unadmin.ElectricJunction,8,Medium Voltage Connection Point,82,Overhead Tap,,,
6030,Attachment,meh.unadmin.StructureJunction,121,Electric Medium Voltage Pole,321,H-Frame,,meh.unadmin.ElectricJunction,9,Medium Voltage Line End,100,Overhead Line End,,,
6031,Attachment,meh.unadmin.StructureJunction,121,Electric Medium Voltage Pole,321,H-Frame,,meh.unadmin.ElectricJunction,9,Medium Voltage Line End,103,Riser,,,
6012,Attachment,meh.unadmin.StructureJunction,121,Electric Medium Voltage Pole,321,H-Frame,,meh.unadmin.ElectricDevice,16,Low Voltage Lighting,301,Flood light,Single Terminal,,
6013,Attachment,meh.unadmin.StructureJunction,121,Electric Medium Voltage Pole,321,H-Frame,,meh.unadmin.ElectricDevice,16,Low Voltage Lighting,302,Streetlight,Single Terminal,,
6005,Attachment,meh.unadmin.StructureJunction,121,Electric Medium Voltage Pole,321,H-Frame,,meh.unadmin.ElectricAssembly,17,Medium Voltage Service Bank,281,PM Commercial Customer,,,
6006,Attachment,meh.unadmin.StructureJunction,121,Electric Medium Voltage Pole,321,H-Frame,,meh.unadmin.ElectricAssembly,17,Medium Voltage Service Bank,282,PM Industrial Customer,,,
6007,Attachment,meh.unadmin.StructureJunction,121,Electric Medium Voltage Pole,321,H-Frame,,meh.unadmin.ElectricAssembly,17,Medium Voltage Service Bank,283,Primary Meter,,,
6008,Attachment,meh.unadmin.StructureJunction,121,Electric Medium Voltage Pole,321,H-Frame,,meh.unadmin.ElectricAssembly,18,Medium Voltage Switch Bank,301,Overhead Disconnect Switch,,,
6009,Attachment,meh.unadmin.StructureJunction,121,Electric Medium Voltage Pole,321,H-Frame,,meh.unadmin.ElectricAssembly,18,Medium Voltage Switch Bank,302,Overhead Load Break Switch,,,
6010,Attachment,meh.unadmin.StructureJunction,121,Electric Medium Voltage Pole,321,H-Frame,,meh.unadmin.ElectricAssembly,18,Medium Voltage Switch Bank,303,Overhead Recloser,,,
6011,Attachment,meh.unadmin.StructureJunction,121,Electric Medium Voltage Pole,321,H-Frame,,meh.unadmin.ElectricAssembly,18,Medium Voltage Switch Bank,304,Overhead Sectionalizer,,,
6014,Attachment,meh.unadmin.StructureJunction,121,Electric Medium Voltage Pole,321,H-Frame,,meh.unadmin.ElectricDevice,22,Low Voltage Service,421,Single Phase Commercial,Single Terminal,,
6015,Attachment,meh.unadmin.StructureJunction,121,Electric Medium Voltage Pole,321,H-Frame,,meh.unadmin.ElectricDevice,22,Low Voltage Service,422,Single Phase Residential,Single Terminal,,
6016,Attachment,meh.unadmin.StructureJunction,121,Electric Medium Voltage Pole,321,H-Frame,,meh.unadmin.ElectricDevice,22,Low Voltage Service,423,Three Phase Commercial,Single Terminal,,
6017,Attachment,meh.unadmin.StructureJunction,121,Electric Medium Voltage Pole,321,H-Frame,,meh.unadmin.ElectricDevice,22,Low Voltage Service,424,Three Phase Residential,Single Terminal,,
6018,Attachment,meh.unadmin.StructureJunction,121,Electric Medium Voltage Pole,321,H-Frame,,meh.unadmin.ElectricDevice,22,Low Voltage Service,425,Unmetered Load,Single Terminal,,
6020,Attachment,meh.unadmin.StructureJunction,121,Electric Medium Voltage Pole,321,H-Frame,,meh.unadmin.ElectricDevice,23,Low Voltage Switch,441,Overhead AC Load Break,Single Terminal,,
6019,Attachment,meh.unadmin.StructureJunction,121,Electric Medium Voltage Pole,321,H-Frame,,meh.unadmin.ElectricDevice,23,Low Voltage Switch,442,Overhead AC Disconnect,Single Terminal,,
6022,Attachment,meh.unadmin.StructureJunction,121,Electric Medium Voltage Pole,321,H-Frame,,meh.unadmin.ElectricDevice,23,Low Voltage Switch,443,Overhead DC Load Break,Single Terminal,,
6021,Attachment,meh.unadmin.StructureJunction,121,Electric Medium Voltage Pole,321,H-Frame,,meh.unadmin.ElectricDevice,23,Low Voltage Switch,444,Overhead DC Disconnect,Single Terminal,,
6023,Attachment,meh.unadmin.StructureJunction,121,Electric Medium Voltage Pole,321,H-Frame,,meh.unadmin.ElectricDevice,24,Low Voltage Transformer,461,Single Phase,,,
6024,Attachment,meh.unadmin.StructureJunction,121,Electric Medium Voltage Pole,321,H-Frame,,meh.unadmin.ElectricDevice,24,Low Voltage Transformer,462,Three Phase,,,
6001,Attachment,meh.unadmin.StructureJunction,121,Electric Medium Voltage Pole,321,H-Frame,,meh.unadmin.StructureJunction,102,Electric Guy,41,Anchor Guy,,,
6002,Attachment,meh.unadmin.StructureJunction,121,Electric Medium Voltage Pole,321,H-Frame,,meh.unadmin.StructureJunction,121,Electric Medium Voltage Pole,325,Riser Guard,,,
6004,Attachment,meh.unadmin.StructureJunction,121,Electric Medium Voltage Pole,321,H-Frame,,meh.unadmin.StructureJunction,123,Electric Support Pole,326,Stub,,,
6003,Attachment,meh.unadmin.StructureJunction,121,Electric Medium Voltage Pole,321,H-Frame,,meh.unadmin.StructureJunction,123,Electric Support Pole,327,Push Brace,,,
6084,Attachment,meh.unadmin.StructureJunction,121,Electric Medium Voltage Pole,324,Single Pole,,meh.unadmin.ElectricJunction,4,Low Voltage Attachment,60,Overhead,,,
6085,Attachment,meh.unadmin.StructureJunction,121,Electric Medium Voltage Pole,324,Single Pole,,meh.unadmin.ElectricJunction,5,Low Voltage Connection Point,82,Overhead Tap,,,
6086,Attachment,meh.unadmin.StructureJunction,121,Electric Medium Voltage Pole,324,Single Pole,,meh.unadmin.ElectricJunction,6,Low Voltage Line End,100,Overhead Line End,,,
6036,Attachment,meh.unadmin.StructureJunction,121,Electric Medium Voltage Pole,324,Single Pole,,meh.unadmin.ElectricAssembly,6,Low Voltage Arrester Bank,102,Line Arrester,,,
6087,Attachment,meh.unadmin.StructureJunction,121,Electric Medium Voltage Pole,324,Single Pole,,meh.unadmin.ElectricJunction,6,Low Voltage Line End,103,Riser,,,
6088,Attachment,meh.unadmin.StructureJunction,121,Electric Medium Voltage Pole,324,Single Pole,,meh.unadmin.ElectricJunction,7,Medium Voltage Attachment,60,Overhead,,,
6089,Attachment,meh.unadmin.StructureJunction,121,Electric Medium Voltage Pole,324,Single Pole,,meh.unadmin.ElectricJunction,8,Medium Voltage Connection Point,82,Overhead Tap,,,
6090,Attachment,meh.unadmin.StructureJunction,121,Electric Medium Voltage Pole,324,Single Pole,,meh.unadmin.ElectricJunction,9,Medium Voltage Line End,100,Overhead Line End,,,
6091,Attachment,meh.unadmin.StructureJunction,121,Electric Medium Voltage Pole,324,Single Pole,,meh.unadmin.ElectricJunction,9,Medium Voltage Line End,103,Riser,,,
6037,Attachment,meh.unadmin.StructureJunction,121,Electric Medium Voltage Pole,324,Single Pole,,meh.unadmin.ElectricAssembly,11,Low Voltage Switch Bank,181,Overhead AC Disconnect,,,
6038,Attachment,meh.unadmin.StructureJunction,121,Electric Medium Voltage Pole,324,Single Pole,,meh.unadmin.ElectricAssembly,11,Low Voltage Switch Bank,182,Overhead AC Load Break,,,
6039,Attachment,meh.unadmin.StructureJunction,121,Electric Medium Voltage Pole,324,Single Pole,,meh.unadmin.ElectricAssembly,11,Low Voltage Switch Bank,183,Overhead DC Disconnect,,,
6040,Attachment,meh.unadmin.StructureJunction,121,Electric Medium Voltage Pole,324,Single Pole,,meh.unadmin.ElectricAssembly,11,Low Voltage Switch Bank,184,Overhead DC Load Break,,,
6041,Attachment,meh.unadmin.StructureJunction,121,Electric Medium Voltage Pole,324,Single Pole,,meh.unadmin.ElectricAssembly,12,Medium Voltage Arrester Bank,202,Line,,,
6042,Attachment,meh.unadmin.StructureJunction,121,Electric Medium Voltage Pole,324,Single Pole,,meh.unadmin.ElectricAssembly,14,Medium Voltage Fuse Bank,221,Overhead Disconnect Fuse Holder,,,
6043,Attachment,meh.unadmin.StructureJunction,121,Electric Medium Voltage Pole,324,Single Pole,,meh.unadmin.ElectricAssembly,14,Medium Voltage Fuse Bank,222,Overhead Load Break Fuse Holder,,,
6044,Attachment,meh.unadmin.StructureJunction,121,Electric Medium Voltage Pole,324,Single Pole,,meh.unadmin.ElectricAssembly,15,Medium Voltage Power Factor Correcting Bank,242,Overhead Capacitor,,,
6045,Attachment,meh.unadmin.StructureJunction,121,Electric Medium Voltage Pole,324,Single Pole,,meh.unadmin.ElectricAssembly,16,Medium Voltage Regulator Bank,261,Overhead Single Phase Regulator,,,
6046,Attachment,meh.unadmin.StructureJunction,121,Electric Medium Voltage Pole,324,Single Pole,,meh.unadmin.ElectricAssembly,16,Medium Voltage Regulator Bank,262,Overhead Single Phase Regulator Delta,,,
6047,Attachment,meh.unadmin.StructureJunction,121,Electric Medium Voltage Pole,324,Single Pole,,meh.unadmin.ElectricAssembly,16,Medium Voltage Regulator Bank,264,Overhead Single Phase Regulator Wye,,,
6048,Attachment,meh.unadmin.StructureJunction,121,Electric Medium Voltage Pole,324,Single Pole,,meh.unadmin.ElectricAssembly,16,Medium Voltage Regulator Bank,265,Overhead Three Phase Regulator,,,
6049,Attachment,meh.unadmin.StructureJunction,121,Electric Medium Voltage Pole,324,Single Pole,,meh.unadmin.ElectricAssembly,16,Medium Voltage Regulator Bank,266,Overhead Three Phase Regulator Delta,,,
6050,Attachment,meh.unadmin.StructureJunction,121,Electric Medium Voltage Pole,324,Single Pole,,meh.unadmin.ElectricAssembly,16,Medium Voltage Regulator Bank,267,Overhead Three Phase Regulator Open Delta,,,
6051,Attachment,meh.unadmin.StructureJunction,121,Electric Medium Voltage Pole,324,Single Pole,,meh.unadmin.ElectricAssembly,16,Medium Voltage Regulator Bank,268,Overhead Three Phase Regulator Wye,,,
6071,Attachment,meh.unadmin.StructureJunction,121,Electric Medium Voltage Pole,324,Single Pole,,meh.unadmin.ElectricDevice,16,Low Voltage Lighting,301,Flood light,Single Terminal,,
6072,Attachment,meh.unadmin.StructureJunction,121,Electric Medium Voltage Pole,324,Single Pole,,meh.unadmin.ElectricDevice,16,Low Voltage Lighting,302,Streetlight,Single Terminal,,
6052,Attachment,meh.unadmin.StructureJunction,121,Electric Medium Voltage Pole,324,Single Pole,,meh.unadmin.ElectricAssembly,17,Medium Voltage Service Bank,281,PM Commercial Customer,,,
6053,Attachment,meh.unadmin.StructureJunction,121,Electric Medium Voltage Pole,324,Single Pole,,meh.unadmin.ElectricAssembly,17,Medium Voltage Service Bank,282,PM Industrial Customer,,,
6054,Attachment,meh.unadmin.StructureJunction,121,Electric Medium Voltage Pole,324,Single Pole,,meh.unadmin.ElectricAssembly,17,Medium Voltage Service Bank,283,Primary Meter,,,
6055,Attachment,meh.unadmin.StructureJunction,121,Electric Medium Voltage Pole,324,Single Pole,,meh.unadmin.ElectricAssembly,18,Medium Voltage Switch Bank,301,Overhead Disconnect Switch,,,
6057,Attachment,meh.unadmin.StructureJunction,121,Electric Medium Voltage Pole,324,Single Pole,,meh.unadmin.ElectricAssembly,18,Medium Voltage Switch Bank,302,Overhead Load Break Switch,,,
6058,Attachment,meh.unadmin.StructureJunction,121,Electric Medium Voltage Pole,324,Single Pole,,meh.unadmin.ElectricAssembly,18,Medium Voltage Switch Bank,303,Overhead Recloser,,,
6059,Attachment,meh.unadmin.StructureJunction,121,Electric Medium Voltage Pole,324,Single Pole,,meh.unadmin.ElectricAssembly,18,Medium Voltage Switch Bank,304,Overhead Sectionalizer,,,
6056,Attachment,meh.unadmin.StructureJunction,121,Electric Medium Voltage Pole,324,Single Pole,,meh.unadmin.ElectricAssembly,18,Medium Voltage Switch Bank,310,Overhead Jumper,,,
6060,Attachment,meh.unadmin.StructureJunction,121,Electric Medium Voltage Pole,324,Single Pole,,meh.unadmin.ElectricAssembly,19,Medium Voltage Transformer Bank,321,Overhead Single Phase,,,
6066,Attachment,meh.unadmin.StructureJunction,121,Electric Medium Voltage Pole,324,Single Pole,,meh.unadmin.ElectricAssembly,19,Medium Voltage Transformer Bank,322,Overhead Three Phase,,,
6067,Attachment,meh.unadmin.StructureJunction,121,Electric Medium Voltage Pole,324,Single Pole,,meh.unadmin.ElectricAssembly,19,Medium Voltage Transformer Bank,323,Overhead Three Phase Delta,,,
6068,Attachment,meh.unadmin.StructureJunction,121,Electric Medium Voltage Pole,324,Single Pole,,meh.unadmin.ElectricAssembly,19,Medium Voltage Transformer Bank,324,Overhead Three Phase Open Delta,,,
6069,Attachment,meh.unadmin.StructureJunction,121,Electric Medium Voltage Pole,324,Single Pole,,meh.unadmin.ElectricAssembly,19,Medium Voltage Transformer Bank,325,Overhead Three Phase Open Wye,,,
6070,Attachment,meh.unadmin.StructureJunction,121,Electric Medium Voltage Pole,324,Single Pole,,meh.unadmin.ElectricAssembly,19,Medium Voltage Transformer Bank,326,Overhead Three Phase Wye,,,
6061,Attachment,meh.unadmin.StructureJunction,121,Electric Medium Voltage Pole,324,Single Pole,,meh.unadmin.ElectricAssembly,19,Medium Voltage Transformer Bank,327,Overhead Step Single Phase,,,
6062,Attachment,meh.unadmin.StructureJunction,121,Electric Medium Voltage Pole,324,Single Pole,,meh.unadmin.ElectricAssembly,19,Medium Voltage Transformer Bank,328,Overhead Step Three Phase,,,
6065,Attachment,meh.unadmin.StructureJunction,121,Electric Medium Voltage Pole,324,Single Pole,,meh.unadmin.ElectricAssembly,19,Medium Voltage Transformer Bank,330,Overhead Step Three Phase Wye,,,
6063,Attachment,meh.unadmin.StructureJunction,121,Electric Medium Voltage Pole,324,Single Pole,,meh.unadmin.ElectricAssembly,19,Medium Voltage Transformer Bank,331,Overhead Step Three Phase Open Delta,,,
6064,Attachment,meh.unadmin.StructureJunction,121,Electric Medium Voltage Pole,324,Single Pole,,meh.unadmin.ElectricAssembly,19,Medium Voltage Transformer Bank,332,Overhead Step Three Phase Open Wye,,,
6073,Attachment,meh.unadmin.StructureJunction,121,Electric Medium Voltage Pole,324,Single Pole,,meh.unadmin.ElectricDevice,22,Low Voltage Service,421,Single Phase Commercial,Single Terminal,,
6074,Attachment,meh.unadmin.StructureJunction,121,Electric Medium Voltage Pole,324,Single Pole,,meh.unadmin.ElectricDevice,22,Low Voltage Service,422,Single Phase Residential,Single Terminal,,
6075,Attachment,meh.unadmin.StructureJunction,121,Electric Medium Voltage Pole,324,Single Pole,,meh.unadmin.ElectricDevice,22,Low Voltage Service,423,Three Phase Commercial,Single Terminal,,
6076,Attachment,meh.unadmin.StructureJunction,121,Electric Medium Voltage Pole,324,Single Pole,,meh.unadmin.ElectricDevice,22,Low Voltage Service,424,Three Phase Residential,Single Terminal,,
6077,Attachment,meh.unadmin.StructureJunction,121,Electric Medium Voltage Pole,324,Single Pole,,meh.unadmin.ElectricDevice,22,Low Voltage Service,425,Unmetered Load,Single Terminal,,
6079,Attachment,meh.unadmin.StructureJunction,121,Electric Medium Voltage Pole,324,Single Pole,,meh.unadmin.ElectricDevice,23,Low Voltage Switch,441,Overhead AC Load Break,Single Terminal,,
6078,Attachment,meh.unadmin.StructureJunction,121,Electric Medium Voltage Pole,324,Single Pole,,meh.unadmin.ElectricDevice,23,Low Voltage Switch,442,Overhead AC Disconnect,Single Terminal,,
6081,Attachment,meh.unadmin.StructureJunction,121,Electric Medium Voltage Pole,324,Single Pole,,meh.unadmin.ElectricDevice,23,Low Voltage Switch,443,Overhead DC Load Break,Single Terminal,,
6080,Attachment,meh.unadmin.StructureJunction,121,Electric Medium Voltage Pole,324,Single Pole,,meh.unadmin.ElectricDevice,23,Low Voltage Switch,444,Overhead DC Disconnect,Single Terminal,,
6082,Attachment,meh.unadmin.StructureJunction,121,Electric Medium Voltage Pole,324,Single Pole,,meh.unadmin.ElectricDevice,24,Low Voltage Transformer,461,Single Phase,,,
6083,Attachment,meh.unadmin.StructureJunction,121,Electric Medium Voltage Pole,324,Single Pole,,meh.unadmin.ElectricDevice,24,Low Voltage Transformer,462,Three Phase,,,
6032,Attachment,meh.unadmin.StructureJunction,121,Electric Medium Voltage Pole,324,Single Pole,,meh.unadmin.StructureJunction,102,Electric Guy,41,Anchor Guy,,,
6033,Attachment,meh.unadmin.StructureJunction,121,Electric Medium Voltage Pole,324,Single Pole,,meh.unadmin.StructureJunction,121,Electric Medium Voltage Pole,325,Riser Guard,,,
6035,Attachment,meh.unadmin.StructureJunction,121,Electric Medium Voltage Pole,324,Single Pole,,meh.unadmin.StructureJunction,123,Electric Support Pole,326,Stub,,,
6034,Attachment,meh.unadmin.StructureJunction,121,Electric Medium Voltage Pole,324,Single Pole,,meh.unadmin.StructureJunction,123,Electric Support Pole,327,Push Brace,,,
5997,Attachment,meh.unadmin.StructureJunction,122,Electric Low Voltage Pole,324,Single Pole,,meh.unadmin.ElectricJunction,4,Low Voltage Attachment,60,Overhead,,,
5998,Attachment,meh.unadmin.StructureJunction,122,Electric Low Voltage Pole,324,Single Pole,,meh.unadmin.ElectricJunction,5,Low Voltage Connection Point,82,Overhead Tap,,,
5999,Attachment,meh.unadmin.StructureJunction,122,Electric Low Voltage Pole,324,Single Pole,,meh.unadmin.ElectricJunction,6,Low Voltage Line End,100,Overhead Line End,,,
6000,Attachment,meh.unadmin.StructureJunction,122,Electric Low Voltage Pole,324,Single Pole,,meh.unadmin.ElectricJunction,6,Low Voltage Line End,103,Riser,,,
5990,Attachment,meh.unadmin.StructureJunction,122,Electric Low Voltage Pole,324,Single Pole,,meh.unadmin.ElectricDevice,16,Low Voltage Lighting,301,Flood light,Single Terminal,,
5991,Attachment,meh.unadmin.StructureJunction,122,Electric Low Voltage Pole,324,Single Pole,,meh.unadmin.ElectricDevice,16,Low Voltage Lighting,302,Streetlight,Single Terminal,,
5992,Attachment,meh.unadmin.StructureJunction,122,Electric Low Voltage Pole,324,Single Pole,,meh.unadmin.ElectricDevice,22,Low Voltage Service,421,Single Phase Commercial,Single Terminal,,
5993,Attachment,meh.unadmin.StructureJunction,122,Electric Low Voltage Pole,324,Single Pole,,meh.unadmin.ElectricDevice,22,Low Voltage Service,422,Single Phase Residential,Single Terminal,,
5994,Attachment,meh.unadmin.StructureJunction,122,Electric Low Voltage Pole,324,Single Pole,,meh.unadmin.ElectricDevice,22,Low Voltage Service,423,Three Phase Commercial,Single Terminal,,
5995,Attachment,meh.unadmin.StructureJunction,122,Electric Low Voltage Pole,324,Single Pole,,meh.unadmin.ElectricDevice,22,Low Voltage Service,424,Three Phase Residential,Single Terminal,,
5996,Attachment,meh.unadmin.StructureJunction,122,Electric Low Voltage Pole,324,Single Pole,,meh.unadmin.ElectricDevice,22,Low Voltage Service,425,Unmetered Load,Single Terminal,,
5986,Attachment,meh.unadmin.StructureJunction,122,Electric Low Voltage Pole,324,Single Pole,,meh.unadmin.StructureJunction,102,Electric Guy,41,Anchor Guy,,,
5987,Attachment,meh.unadmin.StructureJunction,122,Electric Low Voltage Pole,324,Single Pole,,meh.unadmin.StructureJunction,122,Electric Low Voltage Pole,326,Riser Guard,,,
5989,Attachment,meh.unadmin.StructureJunction,122,Electric Low Voltage Pole,324,Single Pole,,meh.unadmin.StructureJunction,123,Electric Support Pole,326,Stub,,,
5988,Attachment,meh.unadmin.StructureJunction,122,Electric Low Voltage Pole,324,Single Pole,,meh.unadmin.StructureJunction,123,Electric Support Pole,327,Push Brace,,,
5985,Attachment,meh.unadmin.StructureJunction,122,Electric Low Voltage Pole,325,Ornamental,,meh.unadmin.ElectricJunction,4,Low Voltage Attachment,61,Underground,,,
5983,Attachment,meh.unadmin.StructureJunction,122,Electric Low Voltage Pole,325,Ornamental,,meh.unadmin.ElectricDevice,16,Low Voltage Lighting,301,Flood light,Single Terminal,,
5984,Attachment,meh.unadmin.StructureJunction,122,Electric Low Voltage Pole,325,Ornamental,,meh.unadmin.ElectricDevice,16,Low Voltage Lighting,302,Streetlight,Single Terminal,,
6119,Attachment,meh.unadmin.StructureJunction,124,Marker,461,Aerial,,meh.unadmin.ElectricJunction,1,High Voltage Attachment,1,AC Overhead,,,
6120,Attachment,meh.unadmin.StructureJunction,124,Marker,461,Aerial,,meh.unadmin.ElectricJunction,1,High Voltage Attachment,3,DC Overhead,,,
6121,Attachment,meh.unadmin.StructureJunction,124,Marker,462,Buried Cable,,meh.unadmin.ElectricJunction,1,High Voltage Attachment,2,AC Underground,,,
6122,Attachment,meh.unadmin.StructureJunction,124,Marker,462,Buried Cable,,meh.unadmin.ElectricJunction,1,High Voltage Attachment,4,DC Underground,,,
6123,Attachment,meh.unadmin.StructureJunction,124,Marker,463,Overhead Water Crossing,,meh.unadmin.ElectricJunction,1,High Voltage Attachment,1,AC Overhead,,,
6124,Attachment,meh.unadmin.StructureJunction,124,Marker,463,Overhead Water Crossing,,meh.unadmin.ElectricJunction,1,High Voltage Attachment,3,DC Overhead,,,
