RuleID,RuleType,FromClassName,FromAssetGroupCode,FROMASSETGROUP,FromAssetTypeCode,FROMASSETTYPE,FromTerminal,ToClassName,ToAssetGroupCode,TOASSETGROUP,ToAssetTypeCode,TOASSETTYPE,ToTerminal,ViaClassName,ViaAssetGroupCode,ViaAssetGroup,ViaAssetTypeCode,ViaAssetType,ViaTerminal
2339,JunctionEdgeConnectivity,meh.unadmin.ElectricJunction,1,High Voltage Attachment,1,AC Overhead,,meh.unadmin.ElectricLine,2,High Voltage Conductor,20,AC Overhead,,,,,,,
2340,JunctionEdgeConnectivity,meh.unadmin.ElectricJunction,1,High Voltage Attachment,3,DC Overhead,,meh.unadmin.ElectricLine,2,High Voltage Conductor,23,DC Overhead,,,,,,,
2344,JunctionEdgeConnectivity,meh.unadmin.ElectricJunction,2,High Voltage Connection Point,21,AC Tap,,meh.unadmin.ElectricLine,2,High Voltage Conductor,20,AC Overhead,,,,,,,
2345,JunctionEdgeConnectivity,meh.unadmin.ElectricJunction,2,High Voltage Connection Point,21,AC Tap,,meh.unadmin.ElectricLine,3,High Voltage Connector,40,AC Connector,,,,,,,
2348,JunctionEdgeConnectivity,meh.unadmin.ElectricJunction,2,High Voltage Connection Point,23,DC Tap,,meh.unadmin.ElectricLine,3,High Voltage Connector,41,DC Connector,,,,,,,
2341,JunctionEdgeConnectivity,meh.unadmin.ElectricJunction,2,High Voltage Connection Point,24,AC Busbar Tap,,meh.unadmin.ElectricLine,1,High Voltage Busbar,1,AC Station Single Phase,,,,,,,
2342,JunctionEdgeConnectivity,meh.unadmin.ElectricJunction,2,High Voltage Connection Point,24,AC Busbar Tap,,meh.unadmin.ElectricLine,1,High Voltage Busbar,2,AC Station Three Phase,,,,,,,
2343,JunctionEdgeConnectivity,meh.unadmin.ElectricJunction,2,High Voltage Connection Point,24,AC Busbar Tap,,meh.unadmin.ElectricLine,3,High Voltage Connector,40,AC Connector,,,,,,,
2346,JunctionEdgeConnectivity,meh.unadmin.ElectricJunction,2,High Voltage Connection Point,25,DC Busbar Tap,,meh.unadmin.ElectricLine,1,High Voltage Busbar,3,DC Station,,,,,,,
2347,JunctionEdgeConnectivity,meh.unadmin.ElectricJunction,2,High Voltage Connection Point,25,DC Busbar Tap,,meh.unadmin.ElectricLine,3,High Voltage Connector,41,DC Connector,,,,,,,
2349,JunctionEdgeConnectivity,meh.unadmin.ElectricJunction,3,High Voltage Line End,41,AC,,meh.unadmin.ElectricLine,2,High Voltage Conductor,20,AC Overhead,,,,,,,
2350,JunctionEdgeConnectivity,meh.unadmin.ElectricJunction,3,High Voltage Line End,41,AC,,meh.unadmin.ElectricLine,3,High Voltage Connector,40,AC Connector,,,,,,,
2355,JunctionEdgeConnectivity,meh.unadmin.ElectricJunction,3,High Voltage Line End,42,DC,,meh.unadmin.ElectricLine,3,High Voltage Connector,41,DC Connector,,,,,,,
2354,JunctionEdgeConnectivity,meh.unadmin.ElectricJunction,3,High Voltage Line End,43,AC Riser,,meh.unadmin.ElectricLine,3,High Voltage Connector,40,AC Connector,,,,,,,
2358,JunctionEdgeConnectivity,meh.unadmin.ElectricJunction,3,High Voltage Line End,44,DC Riser,,meh.unadmin.ElectricLine,3,High Voltage Connector,41,DC Connector,,,,,,,
2351,JunctionEdgeConnectivity,meh.unadmin.ElectricJunction,3,High Voltage Line End,45,AC Busbar Terminator,,meh.unadmin.ElectricLine,1,High Voltage Busbar,1,AC Station Single Phase,,,,,,,
2352,JunctionEdgeConnectivity,meh.unadmin.ElectricJunction,3,High Voltage Line End,45,AC Busbar Terminator,,meh.unadmin.ElectricLine,1,High Voltage Busbar,2,AC Station Three Phase,,,,,,,
2353,JunctionEdgeConnectivity,meh.unadmin.ElectricJunction,3,High Voltage Line End,45,AC Busbar Terminator,,meh.unadmin.ElectricLine,3,High Voltage Connector,40,AC Connector,,,,,,,
2356,JunctionEdgeConnectivity,meh.unadmin.ElectricJunction,3,High Voltage Line End,46,DC Busbar Terminator,,meh.unadmin.ElectricLine,1,High Voltage Busbar,3,DC Station,,,,,,,
2357,JunctionEdgeConnectivity,meh.unadmin.ElectricJunction,3,High Voltage Line End,46,DC Busbar Terminator,,meh.unadmin.ElectricLine,3,High Voltage Connector,41,DC Connector,,,,,,,
2359,JunctionEdgeConnectivity,meh.unadmin.ElectricJunction,4,Low Voltage Attachment,60,Overhead,,meh.unadmin.ElectricLine,6,Low Voltage Conductor,100,Overhead,,,,,,,
1956,JunctionEdgeConnectivity,meh.unadmin.ElectricDevice,4,High Voltage Generation,61,Battery,CB:Bus Side,meh.unadmin.ElectricLine,3,High Voltage Connector,40,AC Connector,,,,,,,
1958,JunctionEdgeConnectivity,meh.unadmin.ElectricDevice,4,High Voltage Generation,61,Battery,CB:Line Side,meh.unadmin.ElectricLine,3,High Voltage Connector,40,AC Connector,,,,,,,
1957,JunctionEdgeConnectivity,meh.unadmin.ElectricDevice,4,High Voltage Generation,61,Battery,CB:Bus Side,meh.unadmin.ElectricLine,3,High Voltage Connector,41,DC Connector,,,,,,,
1959,JunctionEdgeConnectivity,meh.unadmin.ElectricDevice,4,High Voltage Generation,61,Battery,CB:Line Side,meh.unadmin.ElectricLine,3,High Voltage Connector,41,DC Connector,,,,,,,
2360,JunctionEdgeConnectivity,meh.unadmin.ElectricJunction,4,Low Voltage Attachment,61,Underground,,meh.unadmin.ElectricLine,6,Low Voltage Conductor,101,Submersible,,,,,,,
2361,JunctionEdgeConnectivity,meh.unadmin.ElectricJunction,4,Low Voltage Attachment,61,Underground,,meh.unadmin.ElectricLine,6,Low Voltage Conductor,102,Underground,,,,,,,
1960,JunctionEdgeConnectivity,meh.unadmin.ElectricDevice,4,High Voltage Generation,62,Biomass,CB:Bus Side,meh.unadmin.ElectricLine,3,High Voltage Connector,40,AC Connector,,,,,,,
1961,JunctionEdgeConnectivity,meh.unadmin.ElectricDevice,4,High Voltage Generation,62,Biomass,CB:Line Side,meh.unadmin.ElectricLine,3,High Voltage Connector,40,AC Connector,,,,,,,
1962,JunctionEdgeConnectivity,meh.unadmin.ElectricDevice,4,High Voltage Generation,63,Coal,CB:Bus Side,meh.unadmin.ElectricLine,3,High Voltage Connector,40,AC Connector,,,,,,,
1963,JunctionEdgeConnectivity,meh.unadmin.ElectricDevice,4,High Voltage Generation,63,Coal,CB:Line Side,meh.unadmin.ElectricLine,3,High Voltage Connector,40,AC Connector,,,,,,,
1964,JunctionEdgeConnectivity,meh.unadmin.ElectricDevice,4,High Voltage Generation,64,Gas Turbine,CB:Bus Side,meh.unadmin.ElectricLine,3,High Voltage Connector,40,AC Connector,,,,,,,
1965,JunctionEdgeConnectivity,meh.unadmin.ElectricDevice,4,High Voltage Generation,64,Gas Turbine,CB:Line Side,meh.unadmin.ElectricLine,3,High Voltage Connector,40,AC Connector,,,,,,,
1966,JunctionEdgeConnectivity,meh.unadmin.ElectricDevice,4,High Voltage Generation,65,Geothermal,CB:Bus Side,meh.unadmin.ElectricLine,3,High Voltage Connector,40,AC Connector,,,,,,,
1967,JunctionEdgeConnectivity,meh.unadmin.ElectricDevice,4,High Voltage Generation,65,Geothermal,CB:Line Side,meh.unadmin.ElectricLine,3,High Voltage Connector,40,AC Connector,,,,,,,
1968,JunctionEdgeConnectivity,meh.unadmin.ElectricDevice,4,High Voltage Generation,66,Hydro,CB:Bus Side,meh.unadmin.ElectricLine,3,High Voltage Connector,40,AC Connector,,,,,,,
1969,JunctionEdgeConnectivity,meh.unadmin.ElectricDevice,4,High Voltage Generation,66,Hydro,CB:Line Side,meh.unadmin.ElectricLine,3,High Voltage Connector,40,AC Connector,,,,,,,
1970,JunctionEdgeConnectivity,meh.unadmin.ElectricDevice,4,High Voltage Generation,67,Nuclear,CB:Bus Side,meh.unadmin.ElectricLine,3,High Voltage Connector,40,AC Connector,,,,,,,
1971,JunctionEdgeConnectivity,meh.unadmin.ElectricDevice,4,High Voltage Generation,67,Nuclear,CB:Line Side,meh.unadmin.ElectricLine,3,High Voltage Connector,40,AC Connector,,,,,,,
1972,JunctionEdgeConnectivity,meh.unadmin.ElectricDevice,4,High Voltage Generation,68,Photovoltaic Solar,CB:Bus Side,meh.unadmin.ElectricLine,3,High Voltage Connector,40,AC Connector,,,,,,,
1974,JunctionEdgeConnectivity,meh.unadmin.ElectricDevice,4,High Voltage Generation,68,Photovoltaic Solar,CB:Line Side,meh.unadmin.ElectricLine,3,High Voltage Connector,40,AC Connector,,,,,,,
1973,JunctionEdgeConnectivity,meh.unadmin.ElectricDevice,4,High Voltage Generation,68,Photovoltaic Solar,CB:Bus Side,meh.unadmin.ElectricLine,3,High Voltage Connector,41,DC Connector,,,,,,,
1975,JunctionEdgeConnectivity,meh.unadmin.ElectricDevice,4,High Voltage Generation,68,Photovoltaic Solar,CB:Line Side,meh.unadmin.ElectricLine,3,High Voltage Connector,41,DC Connector,,,,,,,
1976,JunctionEdgeConnectivity,meh.unadmin.ElectricDevice,4,High Voltage Generation,69,Thermal Solar,CB:Bus Side,meh.unadmin.ElectricLine,3,High Voltage Connector,40,AC Connector,,,,,,,
1978,JunctionEdgeConnectivity,meh.unadmin.ElectricDevice,4,High Voltage Generation,69,Thermal Solar,CB:Line Side,meh.unadmin.ElectricLine,3,High Voltage Connector,40,AC Connector,,,,,,,
1977,JunctionEdgeConnectivity,meh.unadmin.ElectricDevice,4,High Voltage Generation,69,Thermal Solar,CB:Bus Side,meh.unadmin.ElectricLine,3,High Voltage Connector,41,DC Connector,,,,,,,
1979,JunctionEdgeConnectivity,meh.unadmin.ElectricDevice,4,High Voltage Generation,69,Thermal Solar,CB:Line Side,meh.unadmin.ElectricLine,3,High Voltage Connector,41,DC Connector,,,,,,,
1980,JunctionEdgeConnectivity,meh.unadmin.ElectricDevice,4,High Voltage Generation,70,Wind,CB:Bus Side,meh.unadmin.ElectricLine,3,High Voltage Connector,40,AC Connector,,,,,,,
1982,JunctionEdgeConnectivity,meh.unadmin.ElectricDevice,4,High Voltage Generation,70,Wind,CB:Line Side,meh.unadmin.ElectricLine,3,High Voltage Connector,40,AC Connector,,,,,,,
1981,JunctionEdgeConnectivity,meh.unadmin.ElectricDevice,4,High Voltage Generation,70,Wind,CB:Bus Side,meh.unadmin.ElectricLine,3,High Voltage Connector,41,DC Connector,,,,,,,
1983,JunctionEdgeConnectivity,meh.unadmin.ElectricDevice,4,High Voltage Generation,70,Wind,CB:Line Side,meh.unadmin.ElectricLine,3,High Voltage Connector,41,DC Connector,,,,,,,
2362,JunctionEdgeConnectivity,meh.unadmin.ElectricJunction,5,Low Voltage Connection Point,80,Busbar Tap,,meh.unadmin.ElectricLine,5,Low Voltage Busbar,80,Cabinet,,,,,,,
2363,JunctionEdgeConnectivity,meh.unadmin.ElectricJunction,5,Low Voltage Connection Point,80,Busbar Tap,,meh.unadmin.ElectricLine,5,Low Voltage Busbar,81,Station,,,,,,,
2364,JunctionEdgeConnectivity,meh.unadmin.ElectricJunction,5,Low Voltage Connection Point,80,Busbar Tap,,meh.unadmin.ElectricLine,7,Low Voltage Connector,120,Connector,,,,,,,
2365,JunctionEdgeConnectivity,meh.unadmin.ElectricJunction,5,Low Voltage Connection Point,82,Overhead Tap,,meh.unadmin.ElectricLine,6,Low Voltage Conductor,100,Overhead,,,,,,,
2366,JunctionEdgeConnectivity,meh.unadmin.ElectricJunction,5,Low Voltage Connection Point,82,Overhead Tap,,meh.unadmin.ElectricLine,7,Low Voltage Connector,120,Connector,,,,,,,
2367,JunctionEdgeConnectivity,meh.unadmin.ElectricJunction,5,Low Voltage Connection Point,83,Underground Solid Connection,,meh.unadmin.ElectricLine,6,Low Voltage Conductor,102,Underground,,,,,,,
2368,JunctionEdgeConnectivity,meh.unadmin.ElectricJunction,5,Low Voltage Connection Point,84,Underground Splice,,meh.unadmin.ElectricLine,6,Low Voltage Conductor,102,Underground,,,,,,,
2369,JunctionEdgeConnectivity,meh.unadmin.ElectricJunction,6,Low Voltage Line End,100,Overhead Line End,,meh.unadmin.ElectricLine,6,Low Voltage Conductor,100,Overhead,,,,,,,
2370,JunctionEdgeConnectivity,meh.unadmin.ElectricJunction,6,Low Voltage Line End,100,Overhead Line End,,meh.unadmin.ElectricLine,7,Low Voltage Connector,120,Connector,,,,,,,
2375,JunctionEdgeConnectivity,meh.unadmin.ElectricJunction,6,Low Voltage Line End,101,Underground Terminator,,meh.unadmin.ElectricLine,6,Low Voltage Conductor,101,Submersible,,,,,,,
2376,JunctionEdgeConnectivity,meh.unadmin.ElectricJunction,6,Low Voltage Line End,101,Underground Terminator,,meh.unadmin.ElectricLine,6,Low Voltage Conductor,102,Underground,,,,,,,
2377,JunctionEdgeConnectivity,meh.unadmin.ElectricJunction,6,Low Voltage Line End,101,Underground Terminator,,meh.unadmin.ElectricLine,7,Low Voltage Connector,120,Connector,,,,,,,
2371,JunctionEdgeConnectivity,meh.unadmin.ElectricJunction,6,Low Voltage Line End,102,Overhead Wire Change,,meh.unadmin.ElectricLine,6,Low Voltage Conductor,100,Overhead,,,,,,,
2372,JunctionEdgeConnectivity,meh.unadmin.ElectricJunction,6,Low Voltage Line End,103,Riser,,meh.unadmin.ElectricLine,6,Low Voltage Conductor,101,Submersible,,,,,,,
2373,JunctionEdgeConnectivity,meh.unadmin.ElectricJunction,6,Low Voltage Line End,103,Riser,,meh.unadmin.ElectricLine,6,Low Voltage Conductor,102,Underground,,,,,,,
2374,JunctionEdgeConnectivity,meh.unadmin.ElectricJunction,6,Low Voltage Line End,103,Riser,,meh.unadmin.ElectricLine,7,Low Voltage Connector,120,Connector,,,,,,,
2378,JunctionEdgeConnectivity,meh.unadmin.ElectricJunction,7,Medium Voltage Attachment,60,Overhead,,meh.unadmin.ElectricLine,9,Medium Voltage Conductor,160,Overhead Single Phase,,,,,,,
2379,JunctionEdgeConnectivity,meh.unadmin.ElectricJunction,7,Medium Voltage Attachment,60,Overhead,,meh.unadmin.ElectricLine,9,Medium Voltage Conductor,161,Overhead Three Phase,,,,,,,
2380,JunctionEdgeConnectivity,meh.unadmin.ElectricJunction,7,Medium Voltage Attachment,60,Overhead,,meh.unadmin.ElectricLine,9,Medium Voltage Conductor,162,Overhead Two Phase,,,,,,,
2381,JunctionEdgeConnectivity,meh.unadmin.ElectricJunction,7,Medium Voltage Attachment,60,Overhead,,meh.unadmin.ElectricLine,9,Medium Voltage Conductor,165,Underground Single Phase,,,,,,,
2382,JunctionEdgeConnectivity,meh.unadmin.ElectricJunction,7,Medium Voltage Attachment,60,Overhead,,meh.unadmin.ElectricLine,9,Medium Voltage Conductor,166,Underground Three Phase,,,,,,,
2383,JunctionEdgeConnectivity,meh.unadmin.ElectricJunction,7,Medium Voltage Attachment,61,Underground,,meh.unadmin.ElectricLine,9,Medium Voltage Conductor,165,Underground Single Phase,,,,,,,
2384,JunctionEdgeConnectivity,meh.unadmin.ElectricJunction,7,Medium Voltage Attachment,61,Underground,,meh.unadmin.ElectricLine,9,Medium Voltage Conductor,166,Underground Three Phase,,,,,,,
2385,JunctionEdgeConnectivity,meh.unadmin.ElectricJunction,7,Medium Voltage Attachment,61,Underground,,meh.unadmin.ElectricLine,9,Medium Voltage Conductor,167,Underground Two Phase,,,,,,,
1984,JunctionEdgeConnectivity,meh.unadmin.ElectricDevice,7,High Voltage Power Factor Correcting,121,AC Capacitor,Single Terminal,meh.unadmin.ElectricLine,3,High Voltage Connector,40,AC Connector,,,,,,,
1986,JunctionEdgeConnectivity,meh.unadmin.ElectricDevice,7,High Voltage Power Factor Correcting,122,AC Wave Trap,Single Terminal,meh.unadmin.ElectricLine,3,High Voltage Connector,40,AC Connector,,,,,,,
1985,JunctionEdgeConnectivity,meh.unadmin.ElectricDevice,7,High Voltage Power Factor Correcting,123,AC Reactor,Single Terminal,meh.unadmin.ElectricLine,3,High Voltage Connector,40,AC Connector,,,,,,,
2386,JunctionEdgeConnectivity,meh.unadmin.ElectricJunction,8,Medium Voltage Connection Point,80,Busbar Tap,,meh.unadmin.ElectricLine,8,Medium Voltage Busbar,140,Cabinet Single Phase,,,,,,,
2387,JunctionEdgeConnectivity,meh.unadmin.ElectricJunction,8,Medium Voltage Connection Point,80,Busbar Tap,,meh.unadmin.ElectricLine,8,Medium Voltage Busbar,141,Cabinet Three Phase,,,,,,,
2388,JunctionEdgeConnectivity,meh.unadmin.ElectricJunction,8,Medium Voltage Connection Point,80,Busbar Tap,,meh.unadmin.ElectricLine,8,Medium Voltage Busbar,142,Station Single Phase,,,,,,,
2389,JunctionEdgeConnectivity,meh.unadmin.ElectricJunction,8,Medium Voltage Connection Point,80,Busbar Tap,,meh.unadmin.ElectricLine,8,Medium Voltage Busbar,143,Station Three Phase,,,,,,,
2390,JunctionEdgeConnectivity,meh.unadmin.ElectricJunction,8,Medium Voltage Connection Point,80,Busbar Tap,,meh.unadmin.ElectricLine,10,Medium Voltage Connector,180,Single Phase,,,,,,,
2391,JunctionEdgeConnectivity,meh.unadmin.ElectricJunction,8,Medium Voltage Connection Point,80,Busbar Tap,,meh.unadmin.ElectricLine,10,Medium Voltage Connector,181,Three Phase,,,,,,,
2392,JunctionEdgeConnectivity,meh.unadmin.ElectricJunction,8,Medium Voltage Connection Point,80,Busbar Tap,,meh.unadmin.ElectricLine,10,Medium Voltage Connector,182,Two Phase,,,,,,,
2394,JunctionEdgeConnectivity,meh.unadmin.ElectricJunction,8,Medium Voltage Connection Point,81,Overhead Splice,,meh.unadmin.ElectricLine,9,Medium Voltage Conductor,165,Underground Single Phase,,,,,,,
2395,JunctionEdgeConnectivity,meh.unadmin.ElectricJunction,8,Medium Voltage Connection Point,82,Overhead Tap,,meh.unadmin.ElectricLine,9,Medium Voltage Conductor,160,Overhead Single Phase,,,,,,,
2396,JunctionEdgeConnectivity,meh.unadmin.ElectricJunction,8,Medium Voltage Connection Point,82,Overhead Tap,,meh.unadmin.ElectricLine,9,Medium Voltage Conductor,161,Overhead Three Phase,,,,,,,
2397,JunctionEdgeConnectivity,meh.unadmin.ElectricJunction,8,Medium Voltage Connection Point,82,Overhead Tap,,meh.unadmin.ElectricLine,9,Medium Voltage Conductor,162,Overhead Two Phase,,,,,,,
2398,JunctionEdgeConnectivity,meh.unadmin.ElectricJunction,8,Medium Voltage Connection Point,82,Overhead Tap,,meh.unadmin.ElectricLine,10,Medium Voltage Connector,180,Single Phase,,,,,,,
2399,JunctionEdgeConnectivity,meh.unadmin.ElectricJunction,8,Medium Voltage Connection Point,82,Overhead Tap,,meh.unadmin.ElectricLine,10,Medium Voltage Connector,181,Three Phase,,,,,,,
2400,JunctionEdgeConnectivity,meh.unadmin.ElectricJunction,8,Medium Voltage Connection Point,82,Overhead Tap,,meh.unadmin.ElectricLine,10,Medium Voltage Connector,182,Two Phase,,,,,,,
2401,JunctionEdgeConnectivity,meh.unadmin.ElectricJunction,8,Medium Voltage Connection Point,83,Underground Solid Connection,,meh.unadmin.ElectricLine,9,Medium Voltage Conductor,163,Submersible Single Phase,,,,,,,
2402,JunctionEdgeConnectivity,meh.unadmin.ElectricJunction,8,Medium Voltage Connection Point,83,Underground Solid Connection,,meh.unadmin.ElectricLine,9,Medium Voltage Conductor,164,Submersible Three Phase,,,,,,,
2403,JunctionEdgeConnectivity,meh.unadmin.ElectricJunction,8,Medium Voltage Connection Point,83,Underground Solid Connection,,meh.unadmin.ElectricLine,9,Medium Voltage Conductor,165,Underground Single Phase,,,,,,,
2404,JunctionEdgeConnectivity,meh.unadmin.ElectricJunction,8,Medium Voltage Connection Point,83,Underground Solid Connection,,meh.unadmin.ElectricLine,9,Medium Voltage Conductor,166,Underground Three Phase,,,,,,,
2405,JunctionEdgeConnectivity,meh.unadmin.ElectricJunction,8,Medium Voltage Connection Point,83,Underground Solid Connection,,meh.unadmin.ElectricLine,9,Medium Voltage Conductor,167,Underground Two Phase,,,,,,,
2406,JunctionEdgeConnectivity,meh.unadmin.ElectricJunction,8,Medium Voltage Connection Point,84,Underground Splice,,meh.unadmin.ElectricLine,9,Medium Voltage Conductor,165,Underground Single Phase,,,,,,,
2407,JunctionEdgeConnectivity,meh.unadmin.ElectricJunction,8,Medium Voltage Connection Point,84,Underground Splice,,meh.unadmin.ElectricLine,9,Medium Voltage Conductor,166,Underground Three Phase,,,,,,,
2408,JunctionEdgeConnectivity,meh.unadmin.ElectricJunction,8,Medium Voltage Connection Point,84,Underground Splice,,meh.unadmin.ElectricLine,9,Medium Voltage Conductor,167,Underground Two Phase,,,,,,,
1987,JunctionEdgeConnectivity,meh.unadmin.ElectricDevice,8,High Voltage Regulator,142,AC Three Phase,VR:In Bushing,meh.unadmin.ElectricLine,3,High Voltage Connector,40,AC Connector,,,,,,,
1988,JunctionEdgeConnectivity,meh.unadmin.ElectricDevice,8,High Voltage Regulator,142,AC Three Phase,VR:Out Bushing,meh.unadmin.ElectricLine,3,High Voltage Connector,40,AC Connector,,,,,,,
2393,JunctionEdgeConnectivity,meh.unadmin.ElectricJunction,8,Medium Voltage Connection Point,142,Overhead Solid Connection,,meh.unadmin.ElectricLine,9,Medium Voltage Conductor,161,Overhead Three Phase,,,,,,,
2414,JunctionEdgeConnectivity,meh.unadmin.ElectricJunction,9,Medium Voltage Line End,100,Overhead Line End,,meh.unadmin.ElectricLine,9,Medium Voltage Conductor,160,Overhead Single Phase,,,,,,,
2415,JunctionEdgeConnectivity,meh.unadmin.ElectricJunction,9,Medium Voltage Line End,100,Overhead Line End,,meh.unadmin.ElectricLine,9,Medium Voltage Conductor,161,Overhead Three Phase,,,,,,,
2416,JunctionEdgeConnectivity,meh.unadmin.ElectricJunction,9,Medium Voltage Line End,100,Overhead Line End,,meh.unadmin.ElectricLine,9,Medium Voltage Conductor,162,Overhead Two Phase,,,,,,,
2417,JunctionEdgeConnectivity,meh.unadmin.ElectricJunction,9,Medium Voltage Line End,100,Overhead Line End,,meh.unadmin.ElectricLine,10,Medium Voltage Connector,180,Single Phase,,,,,,,
2418,JunctionEdgeConnectivity,meh.unadmin.ElectricJunction,9,Medium Voltage Line End,100,Overhead Line End,,meh.unadmin.ElectricLine,10,Medium Voltage Connector,181,Three Phase,,,,,,,
2419,JunctionEdgeConnectivity,meh.unadmin.ElectricJunction,9,Medium Voltage Line End,100,Overhead Line End,,meh.unadmin.ElectricLine,10,Medium Voltage Connector,182,Two Phase,,,,,,,
2426,JunctionEdgeConnectivity,meh.unadmin.ElectricJunction,9,Medium Voltage Line End,101,Underground Terminator,,meh.unadmin.ElectricLine,9,Medium Voltage Conductor,163,Submersible Single Phase,,,,,,,
2427,JunctionEdgeConnectivity,meh.unadmin.ElectricJunction,9,Medium Voltage Line End,101,Underground Terminator,,meh.unadmin.ElectricLine,9,Medium Voltage Conductor,164,Submersible Three Phase,,,,,,,
2428,JunctionEdgeConnectivity,meh.unadmin.ElectricJunction,9,Medium Voltage Line End,101,Underground Terminator,,meh.unadmin.ElectricLine,9,Medium Voltage Conductor,165,Underground Single Phase,,,,,,,
2429,JunctionEdgeConnectivity,meh.unadmin.ElectricJunction,9,Medium Voltage Line End,101,Underground Terminator,,meh.unadmin.ElectricLine,9,Medium Voltage Conductor,166,Underground Three Phase,,,,,,,
2430,JunctionEdgeConnectivity,meh.unadmin.ElectricJunction,9,Medium Voltage Line End,101,Underground Terminator,,meh.unadmin.ElectricLine,9,Medium Voltage Conductor,167,Underground Two Phase,,,,,,,
2431,JunctionEdgeConnectivity,meh.unadmin.ElectricJunction,9,Medium Voltage Line End,101,Underground Terminator,,meh.unadmin.ElectricLine,10,Medium Voltage Connector,180,Single Phase,,,,,,,
2432,JunctionEdgeConnectivity,meh.unadmin.ElectricJunction,9,Medium Voltage Line End,101,Underground Terminator,,meh.unadmin.ElectricLine,10,Medium Voltage Connector,181,Three Phase,,,,,,,
2433,JunctionEdgeConnectivity,meh.unadmin.ElectricJunction,9,Medium Voltage Line End,101,Underground Terminator,,meh.unadmin.ElectricLine,10,Medium Voltage Connector,182,Two Phase,,,,,,,
2420,JunctionEdgeConnectivity,meh.unadmin.ElectricJunction,9,Medium Voltage Line End,103,Riser,,meh.unadmin.ElectricLine,9,Medium Voltage Conductor,165,Underground Single Phase,,,,,,,
2421,JunctionEdgeConnectivity,meh.unadmin.ElectricJunction,9,Medium Voltage Line End,103,Riser,,meh.unadmin.ElectricLine,9,Medium Voltage Conductor,166,Underground Three Phase,,,,,,,
2422,JunctionEdgeConnectivity,meh.unadmin.ElectricJunction,9,Medium Voltage Line End,103,Riser,,meh.unadmin.ElectricLine,9,Medium Voltage Conductor,167,Underground Two Phase,,,,,,,
2423,JunctionEdgeConnectivity,meh.unadmin.ElectricJunction,9,Medium Voltage Line End,103,Riser,,meh.unadmin.ElectricLine,10,Medium Voltage Connector,180,Single Phase,,,,,,,
2424,JunctionEdgeConnectivity,meh.unadmin.ElectricJunction,9,Medium Voltage Line End,103,Riser,,meh.unadmin.ElectricLine,10,Medium Voltage Connector,181,Three Phase,,,,,,,
2425,JunctionEdgeConnectivity,meh.unadmin.ElectricJunction,9,Medium Voltage Line End,103,Riser,,meh.unadmin.ElectricLine,10,Medium Voltage Connector,182,Two Phase,,,,,,,
2413,JunctionEdgeConnectivity,meh.unadmin.ElectricJunction,9,Medium Voltage Line End,160,Busbar Terminator,,meh.unadmin.ElectricLine,8,Medium Voltage Busbar,0,Unknown,,,,,,,
2409,JunctionEdgeConnectivity,meh.unadmin.ElectricJunction,9,Medium Voltage Line End,160,Busbar Terminator,,meh.unadmin.ElectricLine,8,Medium Voltage Busbar,140,Cabinet Single Phase,,,,,,,
2410,JunctionEdgeConnectivity,meh.unadmin.ElectricJunction,9,Medium Voltage Line End,160,Busbar Terminator,,meh.unadmin.ElectricLine,8,Medium Voltage Busbar,141,Cabinet Three Phase,,,,,,,
2411,JunctionEdgeConnectivity,meh.unadmin.ElectricJunction,9,Medium Voltage Line End,160,Busbar Terminator,,meh.unadmin.ElectricLine,8,Medium Voltage Busbar,142,Station Single Phase,,,,,,,
2412,JunctionEdgeConnectivity,meh.unadmin.ElectricJunction,9,Medium Voltage Line End,160,Busbar Terminator,,meh.unadmin.ElectricLine,8,Medium Voltage Busbar,143,Station Three Phase,,,,,,,
1989,JunctionEdgeConnectivity,meh.unadmin.ElectricDevice,9,High Voltage Service,161,AC Metering,Single Terminal,meh.unadmin.ElectricLine,3,High Voltage Connector,40,AC Connector,,,,,,,
1990,JunctionEdgeConnectivity,meh.unadmin.ElectricDevice,9,High Voltage Service,162,DC Metering,Single Terminal,meh.unadmin.ElectricLine,3,High Voltage Connector,40,AC Connector,,,,,,,
1997,JunctionEdgeConnectivity,meh.unadmin.ElectricDevice,10,High Voltage Switch,181,AC Circuit Breaker,SS:S1,meh.unadmin.ElectricLine,1,High Voltage Busbar,2,AC Station Three Phase,,,,,,,
1999,JunctionEdgeConnectivity,meh.unadmin.ElectricDevice,10,High Voltage Switch,181,AC Circuit Breaker,SS:S2,meh.unadmin.ElectricLine,2,High Voltage Conductor,20,AC Overhead,,,,,,,
2000,JunctionEdgeConnectivity,meh.unadmin.ElectricDevice,10,High Voltage Switch,181,AC Circuit Breaker,SS:S2,meh.unadmin.ElectricLine,2,High Voltage Conductor,21,AC Submersible,,,,,,,
2001,JunctionEdgeConnectivity,meh.unadmin.ElectricDevice,10,High Voltage Switch,181,AC Circuit Breaker,SS:S2,meh.unadmin.ElectricLine,2,High Voltage Conductor,22,AC Underground,,,,,,,
1998,JunctionEdgeConnectivity,meh.unadmin.ElectricDevice,10,High Voltage Switch,181,AC Circuit Breaker,SS:S1,meh.unadmin.ElectricLine,3,High Voltage Connector,40,AC Connector,,,,,,,
2002,JunctionEdgeConnectivity,meh.unadmin.ElectricDevice,10,High Voltage Switch,181,AC Circuit Breaker,SS:S2,meh.unadmin.ElectricLine,3,High Voltage Connector,40,AC Connector,,,,,,,
2003,JunctionEdgeConnectivity,meh.unadmin.ElectricDevice,10,High Voltage Switch,182,AC Disconnect,SS:S1,meh.unadmin.ElectricLine,1,High Voltage Busbar,2,AC Station Three Phase,,,,,,,
2005,JunctionEdgeConnectivity,meh.unadmin.ElectricDevice,10,High Voltage Switch,182,AC Disconnect,SS:S2,meh.unadmin.ElectricLine,1,High Voltage Busbar,2,AC Station Three Phase,,,,,,,
2006,JunctionEdgeConnectivity,meh.unadmin.ElectricDevice,10,High Voltage Switch,182,AC Disconnect,SS:S2,meh.unadmin.ElectricLine,2,High Voltage Conductor,20,AC Overhead,,,,,,,
2007,JunctionEdgeConnectivity,meh.unadmin.ElectricDevice,10,High Voltage Switch,182,AC Disconnect,SS:S2,meh.unadmin.ElectricLine,2,High Voltage Conductor,21,AC Submersible,,,,,,,
2008,JunctionEdgeConnectivity,meh.unadmin.ElectricDevice,10,High Voltage Switch,182,AC Disconnect,SS:S2,meh.unadmin.ElectricLine,2,High Voltage Conductor,22,AC Underground,,,,,,,
2004,JunctionEdgeConnectivity,meh.unadmin.ElectricDevice,10,High Voltage Switch,182,AC Disconnect,SS:S1,meh.unadmin.ElectricLine,3,High Voltage Connector,40,AC Connector,,,,,,,
2009,JunctionEdgeConnectivity,meh.unadmin.ElectricDevice,10,High Voltage Switch,182,AC Disconnect,SS:S2,meh.unadmin.ElectricLine,3,High Voltage Connector,40,AC Connector,,,,,,,
2014,JunctionEdgeConnectivity,meh.unadmin.ElectricDevice,10,High Voltage Switch,185,DC Disconnect,SS:S1,meh.unadmin.ElectricLine,3,High Voltage Connector,41,DC Connector,,,,,,,
1991,JunctionEdgeConnectivity,meh.unadmin.ElectricDevice,10,High Voltage Switch,187,AC Bus Tie Breaker,SS:S1,meh.unadmin.ElectricLine,1,High Voltage Busbar,1,AC Station Single Phase,,,,,,,
1994,JunctionEdgeConnectivity,meh.unadmin.ElectricDevice,10,High Voltage Switch,187,AC Bus Tie Breaker,SS:S2,meh.unadmin.ElectricLine,1,High Voltage Busbar,1,AC Station Single Phase,,,,,,,
1992,JunctionEdgeConnectivity,meh.unadmin.ElectricDevice,10,High Voltage Switch,187,AC Bus Tie Breaker,SS:S1,meh.unadmin.ElectricLine,1,High Voltage Busbar,2,AC Station Three Phase,,,,,,,
1995,JunctionEdgeConnectivity,meh.unadmin.ElectricDevice,10,High Voltage Switch,187,AC Bus Tie Breaker,SS:S2,meh.unadmin.ElectricLine,1,High Voltage Busbar,2,AC Station Three Phase,,,,,,,
1993,JunctionEdgeConnectivity,meh.unadmin.ElectricDevice,10,High Voltage Switch,187,AC Bus Tie Breaker,SS:S1,meh.unadmin.ElectricLine,3,High Voltage Connector,40,AC Connector,,,,,,,
1996,JunctionEdgeConnectivity,meh.unadmin.ElectricDevice,10,High Voltage Switch,187,AC Bus Tie Breaker,SS:S2,meh.unadmin.ElectricLine,3,High Voltage Connector,40,AC Connector,,,,,,,
2010,JunctionEdgeConnectivity,meh.unadmin.ElectricDevice,10,High Voltage Switch,188,DC Bus Tie Breaker,SS:S1,meh.unadmin.ElectricLine,1,High Voltage Busbar,3,DC Station,,,,,,,
2012,JunctionEdgeConnectivity,meh.unadmin.ElectricDevice,10,High Voltage Switch,188,DC Bus Tie Breaker,SS:S2,meh.unadmin.ElectricLine,1,High Voltage Busbar,3,DC Station,,,,,,,
2011,JunctionEdgeConnectivity,meh.unadmin.ElectricDevice,10,High Voltage Switch,188,DC Bus Tie Breaker,SS:S1,meh.unadmin.ElectricLine,3,High Voltage Connector,41,DC Connector,,,,,,,
2013,JunctionEdgeConnectivity,meh.unadmin.ElectricDevice,10,High Voltage Switch,188,DC Bus Tie Breaker,SS:S2,meh.unadmin.ElectricLine,3,High Voltage Connector,41,DC Connector,,,,,,,
2015,JunctionEdgeConnectivity,meh.unadmin.ElectricDevice,11,High Voltage Transformer,201,AC Single Phase Power,XFR:High,meh.unadmin.ElectricLine,3,High Voltage Connector,40,AC Connector,,,,,,,
2016,JunctionEdgeConnectivity,meh.unadmin.ElectricDevice,11,High Voltage Transformer,201,AC Single Phase Power,XFR:Low,meh.unadmin.ElectricLine,3,High Voltage Connector,40,AC Connector,,,,,,,
2017,JunctionEdgeConnectivity,meh.unadmin.ElectricDevice,11,High Voltage Transformer,202,AC Three Phase Power,XFR:High,meh.unadmin.ElectricLine,3,High Voltage Connector,40,AC Connector,,,,,,,
2019,JunctionEdgeConnectivity,meh.unadmin.ElectricDevice,11,High Voltage Transformer,202,AC Three Phase Power,XFR:Low,meh.unadmin.ElectricLine,3,High Voltage Connector,40,AC Connector,,,,,,,
2018,JunctionEdgeConnectivity,meh.unadmin.ElectricDevice,11,High Voltage Transformer,202,AC Three Phase Power,XFR:High,meh.unadmin.ElectricLine,8,Medium Voltage Busbar,143,Station Three Phase,,,,,,,
2020,JunctionEdgeConnectivity,meh.unadmin.ElectricDevice,11,High Voltage Transformer,202,AC Three Phase Power,XFR:Low,meh.unadmin.ElectricLine,8,Medium Voltage Busbar,143,Station Three Phase,,,,,,,
2021,JunctionEdgeConnectivity,meh.unadmin.ElectricDevice,11,High Voltage Transformer,202,AC Three Phase Power,XFR:Low,meh.unadmin.ElectricLine,9,Medium Voltage Conductor,161,Overhead Three Phase,,,,,,,
2022,JunctionEdgeConnectivity,meh.unadmin.ElectricDevice,11,High Voltage Transformer,202,AC Three Phase Power,XFR:Low,meh.unadmin.ElectricLine,9,Medium Voltage Conductor,166,Underground Three Phase,,,,,,,
2023,JunctionEdgeConnectivity,meh.unadmin.ElectricDevice,11,High Voltage Transformer,202,AC Three Phase Power,XFR:Low,meh.unadmin.ElectricLine,10,Medium Voltage Connector,181,Three Phase,,,,,,,
2024,JunctionEdgeConnectivity,meh.unadmin.ElectricDevice,16,Low Voltage Lighting,302,Streetlight,Single Terminal,meh.unadmin.ElectricLine,6,Low Voltage Conductor,100,Overhead,,,,,,,
2025,JunctionEdgeConnectivity,meh.unadmin.ElectricDevice,16,Low Voltage Lighting,302,Streetlight,Single Terminal,meh.unadmin.ElectricLine,6,Low Voltage Conductor,102,Underground,,,,,,,
2026,JunctionEdgeConnectivity,meh.unadmin.ElectricDevice,19,Low Voltage Network Protection,361,Network Protector,CB:Bus Side,meh.unadmin.ElectricLine,7,Low Voltage Connector,120,Connector,,,,,,,
2027,JunctionEdgeConnectivity,meh.unadmin.ElectricDevice,19,Low Voltage Network Protection,361,Network Protector,CB:Line Side,meh.unadmin.ElectricLine,7,Low Voltage Connector,120,Connector,,,,,,,
2028,JunctionEdgeConnectivity,meh.unadmin.ElectricDevice,22,Low Voltage Service,421,Single Phase Commercial,Single Terminal,meh.unadmin.ElectricLine,6,Low Voltage Conductor,100,Overhead,,,,,,,
2029,JunctionEdgeConnectivity,meh.unadmin.ElectricDevice,22,Low Voltage Service,421,Single Phase Commercial,Single Terminal,meh.unadmin.ElectricLine,6,Low Voltage Conductor,102,Underground,,,,,,,
2030,JunctionEdgeConnectivity,meh.unadmin.ElectricDevice,22,Low Voltage Service,421,Single Phase Commercial,Single Terminal,meh.unadmin.ElectricLine,7,Low Voltage Connector,120,Connector,,,,,,,
2031,JunctionEdgeConnectivity,meh.unadmin.ElectricDevice,22,Low Voltage Service,422,Single Phase Residential,Single Terminal,meh.unadmin.ElectricLine,6,Low Voltage Conductor,100,Overhead,,,,,,,
2032,JunctionEdgeConnectivity,meh.unadmin.ElectricDevice,22,Low Voltage Service,422,Single Phase Residential,Single Terminal,meh.unadmin.ElectricLine,6,Low Voltage Conductor,102,Underground,,,,,,,
2033,JunctionEdgeConnectivity,meh.unadmin.ElectricDevice,22,Low Voltage Service,422,Single Phase Residential,Single Terminal,meh.unadmin.ElectricLine,7,Low Voltage Connector,120,Connector,,,,,,,
2034,JunctionEdgeConnectivity,meh.unadmin.ElectricDevice,22,Low Voltage Service,423,Three Phase Commercial,Single Terminal,meh.unadmin.ElectricLine,6,Low Voltage Conductor,100,Overhead,,,,,,,
2035,JunctionEdgeConnectivity,meh.unadmin.ElectricDevice,22,Low Voltage Service,423,Three Phase Commercial,Single Terminal,meh.unadmin.ElectricLine,6,Low Voltage Conductor,102,Underground,,,,,,,
2036,JunctionEdgeConnectivity,meh.unadmin.ElectricDevice,22,Low Voltage Service,423,Three Phase Commercial,Single Terminal,meh.unadmin.ElectricLine,7,Low Voltage Connector,120,Connector,,,,,,,
2037,JunctionEdgeConnectivity,meh.unadmin.ElectricDevice,22,Low Voltage Service,424,Three Phase Residential,Single Terminal,meh.unadmin.ElectricLine,6,Low Voltage Conductor,100,Overhead,,,,,,,
2038,JunctionEdgeConnectivity,meh.unadmin.ElectricDevice,22,Low Voltage Service,424,Three Phase Residential,Single Terminal,meh.unadmin.ElectricLine,6,Low Voltage Conductor,102,Underground,,,,,,,
2039,JunctionEdgeConnectivity,meh.unadmin.ElectricDevice,22,Low Voltage Service,424,Three Phase Residential,Single Terminal,meh.unadmin.ElectricLine,7,Low Voltage Connector,120,Connector,,,,,,,
2040,JunctionEdgeConnectivity,meh.unadmin.ElectricDevice,23,Low Voltage Switch,454,LV Overhead Jumper,Single Terminal,meh.unadmin.ElectricLine,6,Low Voltage Conductor,100,Overhead,,,,,,,
2041,JunctionEdgeConnectivity,meh.unadmin.ElectricDevice,26,Medium Voltage Circuit Breaker,502,Single Phase Circuit Breaker,CB:Line Side,meh.unadmin.ElectricLine,9,Medium Voltage Conductor,160,Overhead Single Phase,,,,,,,
2042,JunctionEdgeConnectivity,meh.unadmin.ElectricDevice,26,Medium Voltage Circuit Breaker,502,Single Phase Circuit Breaker,CB:Line Side,meh.unadmin.ElectricLine,9,Medium Voltage Conductor,163,Submersible Single Phase,,,,,,,
2043,JunctionEdgeConnectivity,meh.unadmin.ElectricDevice,26,Medium Voltage Circuit Breaker,502,Single Phase Circuit Breaker,CB:Line Side,meh.unadmin.ElectricLine,9,Medium Voltage Conductor,165,Underground Single Phase,,,,,,,
2044,JunctionEdgeConnectivity,meh.unadmin.ElectricDevice,26,Medium Voltage Circuit Breaker,502,Single Phase Circuit Breaker,CB:Line Side,meh.unadmin.ElectricLine,10,Medium Voltage Connector,180,Single Phase,,,,,,,
2045,JunctionEdgeConnectivity,meh.unadmin.ElectricDevice,26,Medium Voltage Circuit Breaker,503,Three Phase Circuit Breaker,CB:Bus Side,meh.unadmin.ElectricLine,8,Medium Voltage Busbar,143,Station Three Phase,,,,,,,
2046,JunctionEdgeConnectivity,meh.unadmin.ElectricDevice,26,Medium Voltage Circuit Breaker,503,Three Phase Circuit Breaker,CB:Bus Side,meh.unadmin.ElectricLine,9,Medium Voltage Conductor,161,Overhead Three Phase,,,,,,,
2047,JunctionEdgeConnectivity,meh.unadmin.ElectricDevice,26,Medium Voltage Circuit Breaker,503,Three Phase Circuit Breaker,CB:Line Side,meh.unadmin.ElectricLine,9,Medium Voltage Conductor,161,Overhead Three Phase,,,,,,,
2048,JunctionEdgeConnectivity,meh.unadmin.ElectricDevice,26,Medium Voltage Circuit Breaker,503,Three Phase Circuit Breaker,CB:Line Side,meh.unadmin.ElectricLine,9,Medium Voltage Conductor,164,Submersible Three Phase,,,,,,,
2049,JunctionEdgeConnectivity,meh.unadmin.ElectricDevice,26,Medium Voltage Circuit Breaker,503,Three Phase Circuit Breaker,CB:Line Side,meh.unadmin.ElectricLine,9,Medium Voltage Conductor,166,Underground Three Phase,,,,,,,
2050,JunctionEdgeConnectivity,meh.unadmin.ElectricDevice,26,Medium Voltage Circuit Breaker,503,Three Phase Circuit Breaker,CB:Line Side,meh.unadmin.ElectricLine,10,Medium Voltage Connector,181,Three Phase,,,,,,,
2051,JunctionEdgeConnectivity,meh.unadmin.ElectricDevice,26,Medium Voltage Circuit Breaker,504,Two Phase Circuit Breaker,CB:Line Side,meh.unadmin.ElectricLine,9,Medium Voltage Conductor,162,Overhead Two Phase,,,,,,,
2052,JunctionEdgeConnectivity,meh.unadmin.ElectricDevice,26,Medium Voltage Circuit Breaker,504,Two Phase Circuit Breaker,CB:Line Side,meh.unadmin.ElectricLine,9,Medium Voltage Conductor,167,Underground Two Phase,,,,,,,
2053,JunctionEdgeConnectivity,meh.unadmin.ElectricDevice,26,Medium Voltage Circuit Breaker,504,Two Phase Circuit Breaker,CB:Line Side,meh.unadmin.ElectricLine,10,Medium Voltage Connector,182,Two Phase,,,,,,,
2054,JunctionEdgeConnectivity,meh.unadmin.ElectricDevice,28,Medium Voltage Elbow,541,Load Break Feedthru,Single Terminal,meh.unadmin.ElectricLine,9,Medium Voltage Conductor,163,Submersible Single Phase,,,,,,,
2055,JunctionEdgeConnectivity,meh.unadmin.ElectricDevice,28,Medium Voltage Elbow,541,Load Break Feedthru,Single Terminal,meh.unadmin.ElectricLine,9,Medium Voltage Conductor,165,Underground Single Phase,,,,,,,
2056,JunctionEdgeConnectivity,meh.unadmin.ElectricDevice,28,Medium Voltage Elbow,542,Load Break Junction,Single Terminal,meh.unadmin.ElectricLine,9,Medium Voltage Conductor,163,Submersible Single Phase,,,,,,,
2057,JunctionEdgeConnectivity,meh.unadmin.ElectricDevice,28,Medium Voltage Elbow,542,Load Break Junction,Single Terminal,meh.unadmin.ElectricLine,9,Medium Voltage Conductor,165,Underground Single Phase,,,,,,,
2058,JunctionEdgeConnectivity,meh.unadmin.ElectricDevice,28,Medium Voltage Elbow,543,Single Phase Dead Break,Single Terminal,meh.unadmin.ElectricLine,8,Medium Voltage Busbar,140,Cabinet Single Phase,,,,,,,
2059,JunctionEdgeConnectivity,meh.unadmin.ElectricDevice,28,Medium Voltage Elbow,543,Single Phase Dead Break,Single Terminal,meh.unadmin.ElectricLine,9,Medium Voltage Conductor,163,Submersible Single Phase,,,,,,,
2060,JunctionEdgeConnectivity,meh.unadmin.ElectricDevice,28,Medium Voltage Elbow,543,Single Phase Dead Break,Single Terminal,meh.unadmin.ElectricLine,9,Medium Voltage Conductor,165,Underground Single Phase,,,,,,,
2061,JunctionEdgeConnectivity,meh.unadmin.ElectricDevice,28,Medium Voltage Elbow,543,Single Phase Dead Break,Single Terminal,meh.unadmin.ElectricLine,10,Medium Voltage Connector,180,Single Phase,,,,,,,
2062,JunctionEdgeConnectivity,meh.unadmin.ElectricDevice,28,Medium Voltage Elbow,544,Single Phase Load Break,Single Terminal,meh.unadmin.ElectricLine,8,Medium Voltage Busbar,140,Cabinet Single Phase,,,,,,,
2063,JunctionEdgeConnectivity,meh.unadmin.ElectricDevice,28,Medium Voltage Elbow,544,Single Phase Load Break,Single Terminal,meh.unadmin.ElectricLine,9,Medium Voltage Conductor,163,Submersible Single Phase,,,,,,,
2064,JunctionEdgeConnectivity,meh.unadmin.ElectricDevice,28,Medium Voltage Elbow,544,Single Phase Load Break,Single Terminal,meh.unadmin.ElectricLine,9,Medium Voltage Conductor,165,Underground Single Phase,,,,,,,
2065,JunctionEdgeConnectivity,meh.unadmin.ElectricDevice,28,Medium Voltage Elbow,544,Single Phase Load Break,Single Terminal,meh.unadmin.ElectricLine,10,Medium Voltage Connector,180,Single Phase,,,,,,,
2066,JunctionEdgeConnectivity,meh.unadmin.ElectricDevice,28,Medium Voltage Elbow,545,Three Phase Dead Break,Single Terminal,meh.unadmin.ElectricLine,8,Medium Voltage Busbar,141,Cabinet Three Phase,,,,,,,
2067,JunctionEdgeConnectivity,meh.unadmin.ElectricDevice,28,Medium Voltage Elbow,545,Three Phase Dead Break,Single Terminal,meh.unadmin.ElectricLine,9,Medium Voltage Conductor,164,Submersible Three Phase,,,,,,,
2068,JunctionEdgeConnectivity,meh.unadmin.ElectricDevice,28,Medium Voltage Elbow,545,Three Phase Dead Break,Single Terminal,meh.unadmin.ElectricLine,9,Medium Voltage Conductor,166,Underground Three Phase,,,,,,,
2069,JunctionEdgeConnectivity,meh.unadmin.ElectricDevice,28,Medium Voltage Elbow,545,Three Phase Dead Break,Single Terminal,meh.unadmin.ElectricLine,10,Medium Voltage Connector,181,Three Phase,,,,,,,
2070,JunctionEdgeConnectivity,meh.unadmin.ElectricDevice,28,Medium Voltage Elbow,546,Three Phase Load Break,Single Terminal,meh.unadmin.ElectricLine,8,Medium Voltage Busbar,141,Cabinet Three Phase,,,,,,,
2071,JunctionEdgeConnectivity,meh.unadmin.ElectricDevice,28,Medium Voltage Elbow,546,Three Phase Load Break,Single Terminal,meh.unadmin.ElectricLine,9,Medium Voltage Conductor,164,Submersible Three Phase,,,,,,,
2072,JunctionEdgeConnectivity,meh.unadmin.ElectricDevice,28,Medium Voltage Elbow,546,Three Phase Load Break,Single Terminal,meh.unadmin.ElectricLine,9,Medium Voltage Conductor,166,Underground Three Phase,,,,,,,
2073,JunctionEdgeConnectivity,meh.unadmin.ElectricDevice,28,Medium Voltage Elbow,546,Three Phase Load Break,Single Terminal,meh.unadmin.ElectricLine,10,Medium Voltage Connector,181,Three Phase,,,,,,,
2074,JunctionEdgeConnectivity,meh.unadmin.ElectricDevice,28,Medium Voltage Elbow,547,Two Phase Dead Break,Single Terminal,meh.unadmin.ElectricLine,9,Medium Voltage Conductor,167,Underground Two Phase,,,,,,,
2075,JunctionEdgeConnectivity,meh.unadmin.ElectricDevice,28,Medium Voltage Elbow,547,Two Phase Dead Break,Single Terminal,meh.unadmin.ElectricLine,10,Medium Voltage Connector,182,Two Phase,,,,,,,
2076,JunctionEdgeConnectivity,meh.unadmin.ElectricDevice,28,Medium Voltage Elbow,548,Two Phase Load Break,Single Terminal,meh.unadmin.ElectricLine,9,Medium Voltage Conductor,167,Underground Two Phase,,,,,,,
2077,JunctionEdgeConnectivity,meh.unadmin.ElectricDevice,28,Medium Voltage Elbow,548,Two Phase Load Break,Single Terminal,meh.unadmin.ElectricLine,10,Medium Voltage Connector,182,Two Phase,,,,,,,
2078,JunctionEdgeConnectivity,meh.unadmin.ElectricDevice,29,Medium Voltage Fuse,561,Bayonet,Single Terminal,meh.unadmin.ElectricLine,8,Medium Voltage Busbar,140,Cabinet Single Phase,,,,,,,
2079,JunctionEdgeConnectivity,meh.unadmin.ElectricDevice,29,Medium Voltage Fuse,561,Bayonet,Single Terminal,meh.unadmin.ElectricLine,8,Medium Voltage Busbar,141,Cabinet Three Phase,,,,,,,
2080,JunctionEdgeConnectivity,meh.unadmin.ElectricDevice,29,Medium Voltage Fuse,561,Bayonet,Single Terminal,meh.unadmin.ElectricLine,9,Medium Voltage Conductor,163,Submersible Single Phase,,,,,,,
2081,JunctionEdgeConnectivity,meh.unadmin.ElectricDevice,29,Medium Voltage Fuse,561,Bayonet,Single Terminal,meh.unadmin.ElectricLine,9,Medium Voltage Conductor,164,Submersible Three Phase,,,,,,,
2082,JunctionEdgeConnectivity,meh.unadmin.ElectricDevice,29,Medium Voltage Fuse,561,Bayonet,Single Terminal,meh.unadmin.ElectricLine,9,Medium Voltage Conductor,165,Underground Single Phase,,,,,,,
2083,JunctionEdgeConnectivity,meh.unadmin.ElectricDevice,29,Medium Voltage Fuse,561,Bayonet,Single Terminal,meh.unadmin.ElectricLine,9,Medium Voltage Conductor,166,Underground Three Phase,,,,,,,
2084,JunctionEdgeConnectivity,meh.unadmin.ElectricDevice,29,Medium Voltage Fuse,561,Bayonet,Single Terminal,meh.unadmin.ElectricLine,9,Medium Voltage Conductor,167,Underground Two Phase,,,,,,,
2085,JunctionEdgeConnectivity,meh.unadmin.ElectricDevice,29,Medium Voltage Fuse,561,Bayonet,Single Terminal,meh.unadmin.ElectricLine,10,Medium Voltage Connector,180,Single Phase,,,,,,,
2086,JunctionEdgeConnectivity,meh.unadmin.ElectricDevice,29,Medium Voltage Fuse,561,Bayonet,Single Terminal,meh.unadmin.ElectricLine,10,Medium Voltage Connector,181,Three Phase,,,,,,,
2087,JunctionEdgeConnectivity,meh.unadmin.ElectricDevice,29,Medium Voltage Fuse,561,Bayonet,Single Terminal,meh.unadmin.ElectricLine,10,Medium Voltage Connector,182,Two Phase,,,,,,,
2098,JunctionEdgeConnectivity,meh.unadmin.ElectricDevice,29,Medium Voltage Fuse,562,Fault Limiter,Single Terminal,meh.unadmin.ElectricLine,8,Medium Voltage Busbar,142,Station Single Phase,,,,,,,
2099,JunctionEdgeConnectivity,meh.unadmin.ElectricDevice,29,Medium Voltage Fuse,562,Fault Limiter,Single Terminal,meh.unadmin.ElectricLine,8,Medium Voltage Busbar,143,Station Three Phase,,,,,,,
2100,JunctionEdgeConnectivity,meh.unadmin.ElectricDevice,29,Medium Voltage Fuse,562,Fault Limiter,Single Terminal,meh.unadmin.ElectricLine,9,Medium Voltage Conductor,163,Submersible Single Phase,,,,,,,
2101,JunctionEdgeConnectivity,meh.unadmin.ElectricDevice,29,Medium Voltage Fuse,562,Fault Limiter,Single Terminal,meh.unadmin.ElectricLine,9,Medium Voltage Conductor,164,Submersible Three Phase,,,,,,,
2102,JunctionEdgeConnectivity,meh.unadmin.ElectricDevice,29,Medium Voltage Fuse,562,Fault Limiter,Single Terminal,meh.unadmin.ElectricLine,9,Medium Voltage Conductor,165,Underground Single Phase,,,,,,,
2103,JunctionEdgeConnectivity,meh.unadmin.ElectricDevice,29,Medium Voltage Fuse,562,Fault Limiter,Single Terminal,meh.unadmin.ElectricLine,9,Medium Voltage Conductor,166,Underground Three Phase,,,,,,,
2104,JunctionEdgeConnectivity,meh.unadmin.ElectricDevice,29,Medium Voltage Fuse,562,Fault Limiter,Single Terminal,meh.unadmin.ElectricLine,9,Medium Voltage Conductor,167,Underground Two Phase,,,,,,,
2105,JunctionEdgeConnectivity,meh.unadmin.ElectricDevice,29,Medium Voltage Fuse,562,Fault Limiter,Single Terminal,meh.unadmin.ElectricLine,10,Medium Voltage Connector,180,Single Phase,,,,,,,
2106,JunctionEdgeConnectivity,meh.unadmin.ElectricDevice,29,Medium Voltage Fuse,562,Fault Limiter,Single Terminal,meh.unadmin.ElectricLine,10,Medium Voltage Connector,181,Three Phase,,,,,,,
2107,JunctionEdgeConnectivity,meh.unadmin.ElectricDevice,29,Medium Voltage Fuse,562,Fault Limiter,Single Terminal,meh.unadmin.ElectricLine,10,Medium Voltage Connector,182,Two Phase,,,,,,,
2108,JunctionEdgeConnectivity,meh.unadmin.ElectricDevice,29,Medium Voltage Fuse,563,Indoor Fuse,Single Terminal,meh.unadmin.ElectricLine,8,Medium Voltage Busbar,142,Station Single Phase,,,,,,,
2109,JunctionEdgeConnectivity,meh.unadmin.ElectricDevice,29,Medium Voltage Fuse,563,Indoor Fuse,Single Terminal,meh.unadmin.ElectricLine,8,Medium Voltage Busbar,143,Station Three Phase,,,,,,,
2110,JunctionEdgeConnectivity,meh.unadmin.ElectricDevice,29,Medium Voltage Fuse,563,Indoor Fuse,Single Terminal,meh.unadmin.ElectricLine,9,Medium Voltage Conductor,163,Submersible Single Phase,,,,,,,
2111,JunctionEdgeConnectivity,meh.unadmin.ElectricDevice,29,Medium Voltage Fuse,563,Indoor Fuse,Single Terminal,meh.unadmin.ElectricLine,9,Medium Voltage Conductor,164,Submersible Three Phase,,,,,,,
2112,JunctionEdgeConnectivity,meh.unadmin.ElectricDevice,29,Medium Voltage Fuse,563,Indoor Fuse,Single Terminal,meh.unadmin.ElectricLine,9,Medium Voltage Conductor,165,Underground Single Phase,,,,,,,
2113,JunctionEdgeConnectivity,meh.unadmin.ElectricDevice,29,Medium Voltage Fuse,563,Indoor Fuse,Single Terminal,meh.unadmin.ElectricLine,9,Medium Voltage Conductor,166,Underground Three Phase,,,,,,,
2114,JunctionEdgeConnectivity,meh.unadmin.ElectricDevice,29,Medium Voltage Fuse,563,Indoor Fuse,Single Terminal,meh.unadmin.ElectricLine,9,Medium Voltage Conductor,167,Underground Two Phase,,,,,,,
2115,JunctionEdgeConnectivity,meh.unadmin.ElectricDevice,29,Medium Voltage Fuse,563,Indoor Fuse,Single Terminal,meh.unadmin.ElectricLine,10,Medium Voltage Connector,180,Single Phase,,,,,,,
2116,JunctionEdgeConnectivity,meh.unadmin.ElectricDevice,29,Medium Voltage Fuse,563,Indoor Fuse,Single Terminal,meh.unadmin.ElectricLine,10,Medium Voltage Connector,181,Three Phase,,,,,,,
2117,JunctionEdgeConnectivity,meh.unadmin.ElectricDevice,29,Medium Voltage Fuse,563,Indoor Fuse,Single Terminal,meh.unadmin.ElectricLine,10,Medium Voltage Connector,182,Two Phase,,,,,,,
2118,JunctionEdgeConnectivity,meh.unadmin.ElectricDevice,29,Medium Voltage Fuse,564,Overhead Cutout Fused Disconnect,Single Terminal,meh.unadmin.ElectricLine,8,Medium Voltage Busbar,142,Station Single Phase,,,,,,,
2119,JunctionEdgeConnectivity,meh.unadmin.ElectricDevice,29,Medium Voltage Fuse,564,Overhead Cutout Fused Disconnect,Single Terminal,meh.unadmin.ElectricLine,8,Medium Voltage Busbar,143,Station Three Phase,,,,,,,
2120,JunctionEdgeConnectivity,meh.unadmin.ElectricDevice,29,Medium Voltage Fuse,564,Overhead Cutout Fused Disconnect,Single Terminal,meh.unadmin.ElectricLine,9,Medium Voltage Conductor,160,Overhead Single Phase,,,,,,,
2121,JunctionEdgeConnectivity,meh.unadmin.ElectricDevice,29,Medium Voltage Fuse,564,Overhead Cutout Fused Disconnect,Single Terminal,meh.unadmin.ElectricLine,9,Medium Voltage Conductor,161,Overhead Three Phase,,,,,,,
2122,JunctionEdgeConnectivity,meh.unadmin.ElectricDevice,29,Medium Voltage Fuse,564,Overhead Cutout Fused Disconnect,Single Terminal,meh.unadmin.ElectricLine,9,Medium Voltage Conductor,162,Overhead Two Phase,,,,,,,
2123,JunctionEdgeConnectivity,meh.unadmin.ElectricDevice,29,Medium Voltage Fuse,564,Overhead Cutout Fused Disconnect,Single Terminal,meh.unadmin.ElectricLine,9,Medium Voltage Conductor,165,Underground Single Phase,,,,,,,
2124,JunctionEdgeConnectivity,meh.unadmin.ElectricDevice,29,Medium Voltage Fuse,564,Overhead Cutout Fused Disconnect,Single Terminal,meh.unadmin.ElectricLine,9,Medium Voltage Conductor,166,Underground Three Phase,,,,,,,
2125,JunctionEdgeConnectivity,meh.unadmin.ElectricDevice,29,Medium Voltage Fuse,564,Overhead Cutout Fused Disconnect,Single Terminal,meh.unadmin.ElectricLine,9,Medium Voltage Conductor,167,Underground Two Phase,,,,,,,
2126,JunctionEdgeConnectivity,meh.unadmin.ElectricDevice,29,Medium Voltage Fuse,564,Overhead Cutout Fused Disconnect,Single Terminal,meh.unadmin.ElectricLine,10,Medium Voltage Connector,180,Single Phase,,,,,,,
2127,JunctionEdgeConnectivity,meh.unadmin.ElectricDevice,29,Medium Voltage Fuse,564,Overhead Cutout Fused Disconnect,Single Terminal,meh.unadmin.ElectricLine,10,Medium Voltage Connector,181,Three Phase,,,,,,,
2128,JunctionEdgeConnectivity,meh.unadmin.ElectricDevice,29,Medium Voltage Fuse,564,Overhead Cutout Fused Disconnect,Single Terminal,meh.unadmin.ElectricLine,10,Medium Voltage Connector,182,Two Phase,,,,,,,
2129,JunctionEdgeConnectivity,meh.unadmin.ElectricDevice,29,Medium Voltage Fuse,565,Overhead Cutout Fused Load Break,SS:S1,meh.unadmin.ElectricLine,8,Medium Voltage Busbar,142,Station Single Phase,,,,,,,
2137,JunctionEdgeConnectivity,meh.unadmin.ElectricDevice,29,Medium Voltage Fuse,565,Overhead Cutout Fused Load Break,SS:S2,meh.unadmin.ElectricLine,8,Medium Voltage Busbar,142,Station Single Phase,,,,,,,
2130,JunctionEdgeConnectivity,meh.unadmin.ElectricDevice,29,Medium Voltage Fuse,565,Overhead Cutout Fused Load Break,SS:S1,meh.unadmin.ElectricLine,8,Medium Voltage Busbar,143,Station Three Phase,,,,,,,
2138,JunctionEdgeConnectivity,meh.unadmin.ElectricDevice,29,Medium Voltage Fuse,565,Overhead Cutout Fused Load Break,SS:S2,meh.unadmin.ElectricLine,8,Medium Voltage Busbar,143,Station Three Phase,,,,,,,
2131,JunctionEdgeConnectivity,meh.unadmin.ElectricDevice,29,Medium Voltage Fuse,565,Overhead Cutout Fused Load Break,SS:S1,meh.unadmin.ElectricLine,9,Medium Voltage Conductor,160,Overhead Single Phase,,,,,,,
2139,JunctionEdgeConnectivity,meh.unadmin.ElectricDevice,29,Medium Voltage Fuse,565,Overhead Cutout Fused Load Break,SS:S2,meh.unadmin.ElectricLine,9,Medium Voltage Conductor,160,Overhead Single Phase,,,,,,,
2132,JunctionEdgeConnectivity,meh.unadmin.ElectricDevice,29,Medium Voltage Fuse,565,Overhead Cutout Fused Load Break,SS:S1,meh.unadmin.ElectricLine,9,Medium Voltage Conductor,161,Overhead Three Phase,,,,,,,
2140,JunctionEdgeConnectivity,meh.unadmin.ElectricDevice,29,Medium Voltage Fuse,565,Overhead Cutout Fused Load Break,SS:S2,meh.unadmin.ElectricLine,9,Medium Voltage Conductor,161,Overhead Three Phase,,,,,,,
2133,JunctionEdgeConnectivity,meh.unadmin.ElectricDevice,29,Medium Voltage Fuse,565,Overhead Cutout Fused Load Break,SS:S1,meh.unadmin.ElectricLine,9,Medium Voltage Conductor,162,Overhead Two Phase,,,,,,,
2141,JunctionEdgeConnectivity,meh.unadmin.ElectricDevice,29,Medium Voltage Fuse,565,Overhead Cutout Fused Load Break,SS:S2,meh.unadmin.ElectricLine,9,Medium Voltage Conductor,162,Overhead Two Phase,,,,,,,
2134,JunctionEdgeConnectivity,meh.unadmin.ElectricDevice,29,Medium Voltage Fuse,565,Overhead Cutout Fused Load Break,SS:S1,meh.unadmin.ElectricLine,10,Medium Voltage Connector,180,Single Phase,,,,,,,
2142,JunctionEdgeConnectivity,meh.unadmin.ElectricDevice,29,Medium Voltage Fuse,565,Overhead Cutout Fused Load Break,SS:S2,meh.unadmin.ElectricLine,10,Medium Voltage Connector,180,Single Phase,,,,,,,
2135,JunctionEdgeConnectivity,meh.unadmin.ElectricDevice,29,Medium Voltage Fuse,565,Overhead Cutout Fused Load Break,SS:S1,meh.unadmin.ElectricLine,10,Medium Voltage Connector,181,Three Phase,,,,,,,
2143,JunctionEdgeConnectivity,meh.unadmin.ElectricDevice,29,Medium Voltage Fuse,565,Overhead Cutout Fused Load Break,SS:S2,meh.unadmin.ElectricLine,10,Medium Voltage Connector,181,Three Phase,,,,,,,
2136,JunctionEdgeConnectivity,meh.unadmin.ElectricDevice,29,Medium Voltage Fuse,565,Overhead Cutout Fused Load Break,SS:S1,meh.unadmin.ElectricLine,10,Medium Voltage Connector,182,Two Phase,,,,,,,
2144,JunctionEdgeConnectivity,meh.unadmin.ElectricDevice,29,Medium Voltage Fuse,565,Overhead Cutout Fused Load Break,SS:S2,meh.unadmin.ElectricLine,10,Medium Voltage Connector,182,Two Phase,,,,,,,
2145,JunctionEdgeConnectivity,meh.unadmin.ElectricDevice,29,Medium Voltage Fuse,566,Overhead Cutout Sectionalizer,Single Terminal,meh.unadmin.ElectricLine,8,Medium Voltage Busbar,142,Station Single Phase,,,,,,,
2146,JunctionEdgeConnectivity,meh.unadmin.ElectricDevice,29,Medium Voltage Fuse,566,Overhead Cutout Sectionalizer,Single Terminal,meh.unadmin.ElectricLine,8,Medium Voltage Busbar,143,Station Three Phase,,,,,,,
2147,JunctionEdgeConnectivity,meh.unadmin.ElectricDevice,29,Medium Voltage Fuse,566,Overhead Cutout Sectionalizer,Single Terminal,meh.unadmin.ElectricLine,9,Medium Voltage Conductor,160,Overhead Single Phase,,,,,,,
2148,JunctionEdgeConnectivity,meh.unadmin.ElectricDevice,29,Medium Voltage Fuse,566,Overhead Cutout Sectionalizer,Single Terminal,meh.unadmin.ElectricLine,9,Medium Voltage Conductor,161,Overhead Three Phase,,,,,,,
2149,JunctionEdgeConnectivity,meh.unadmin.ElectricDevice,29,Medium Voltage Fuse,566,Overhead Cutout Sectionalizer,Single Terminal,meh.unadmin.ElectricLine,9,Medium Voltage Conductor,162,Overhead Two Phase,,,,,,,
2150,JunctionEdgeConnectivity,meh.unadmin.ElectricDevice,29,Medium Voltage Fuse,566,Overhead Cutout Sectionalizer,Single Terminal,meh.unadmin.ElectricLine,10,Medium Voltage Connector,180,Single Phase,,,,,,,
2151,JunctionEdgeConnectivity,meh.unadmin.ElectricDevice,29,Medium Voltage Fuse,566,Overhead Cutout Sectionalizer,Single Terminal,meh.unadmin.ElectricLine,10,Medium Voltage Connector,181,Three Phase,,,,,,,
2152,JunctionEdgeConnectivity,meh.unadmin.ElectricDevice,29,Medium Voltage Fuse,566,Overhead Cutout Sectionalizer,Single Terminal,meh.unadmin.ElectricLine,10,Medium Voltage Connector,182,Two Phase,,,,,,,
2153,JunctionEdgeConnectivity,meh.unadmin.ElectricDevice,29,Medium Voltage Fuse,567,Overhead Cutout Solid Blade,Single Terminal,meh.unadmin.ElectricLine,8,Medium Voltage Busbar,142,Station Single Phase,,,,,,,
2154,JunctionEdgeConnectivity,meh.unadmin.ElectricDevice,29,Medium Voltage Fuse,567,Overhead Cutout Solid Blade,Single Terminal,meh.unadmin.ElectricLine,8,Medium Voltage Busbar,143,Station Three Phase,,,,,,,
2155,JunctionEdgeConnectivity,meh.unadmin.ElectricDevice,29,Medium Voltage Fuse,567,Overhead Cutout Solid Blade,Single Terminal,meh.unadmin.ElectricLine,9,Medium Voltage Conductor,160,Overhead Single Phase,,,,,,,
2156,JunctionEdgeConnectivity,meh.unadmin.ElectricDevice,29,Medium Voltage Fuse,567,Overhead Cutout Solid Blade,Single Terminal,meh.unadmin.ElectricLine,9,Medium Voltage Conductor,161,Overhead Three Phase,,,,,,,
2157,JunctionEdgeConnectivity,meh.unadmin.ElectricDevice,29,Medium Voltage Fuse,567,Overhead Cutout Solid Blade,Single Terminal,meh.unadmin.ElectricLine,9,Medium Voltage Conductor,162,Overhead Two Phase,,,,,,,
2158,JunctionEdgeConnectivity,meh.unadmin.ElectricDevice,29,Medium Voltage Fuse,567,Overhead Cutout Solid Blade,Single Terminal,meh.unadmin.ElectricLine,10,Medium Voltage Connector,180,Single Phase,,,,,,,
2159,JunctionEdgeConnectivity,meh.unadmin.ElectricDevice,29,Medium Voltage Fuse,567,Overhead Cutout Solid Blade,Single Terminal,meh.unadmin.ElectricLine,10,Medium Voltage Connector,181,Three Phase,,,,,,,
2160,JunctionEdgeConnectivity,meh.unadmin.ElectricDevice,29,Medium Voltage Fuse,567,Overhead Cutout Solid Blade,Single Terminal,meh.unadmin.ElectricLine,10,Medium Voltage Connector,182,Two Phase,,,,,,,
2088,JunctionEdgeConnectivity,meh.unadmin.ElectricDevice,29,Medium Voltage Fuse,568,Cabinet Fuse,Single Terminal,meh.unadmin.ElectricLine,8,Medium Voltage Busbar,140,Cabinet Single Phase,,,,,,,
2089,JunctionEdgeConnectivity,meh.unadmin.ElectricDevice,29,Medium Voltage Fuse,568,Cabinet Fuse,Single Terminal,meh.unadmin.ElectricLine,8,Medium Voltage Busbar,141,Cabinet Three Phase,,,,,,,
2090,JunctionEdgeConnectivity,meh.unadmin.ElectricDevice,29,Medium Voltage Fuse,568,Cabinet Fuse,Single Terminal,meh.unadmin.ElectricLine,9,Medium Voltage Conductor,163,Submersible Single Phase,,,,,,,
2091,JunctionEdgeConnectivity,meh.unadmin.ElectricDevice,29,Medium Voltage Fuse,568,Cabinet Fuse,Single Terminal,meh.unadmin.ElectricLine,9,Medium Voltage Conductor,164,Submersible Three Phase,,,,,,,
2092,JunctionEdgeConnectivity,meh.unadmin.ElectricDevice,29,Medium Voltage Fuse,568,Cabinet Fuse,Single Terminal,meh.unadmin.ElectricLine,9,Medium Voltage Conductor,165,Underground Single Phase,,,,,,,
2093,JunctionEdgeConnectivity,meh.unadmin.ElectricDevice,29,Medium Voltage Fuse,568,Cabinet Fuse,Single Terminal,meh.unadmin.ElectricLine,9,Medium Voltage Conductor,166,Underground Three Phase,,,,,,,
2094,JunctionEdgeConnectivity,meh.unadmin.ElectricDevice,29,Medium Voltage Fuse,568,Cabinet Fuse,Single Terminal,meh.unadmin.ElectricLine,9,Medium Voltage Conductor,167,Underground Two Phase,,,,,,,
2095,JunctionEdgeConnectivity,meh.unadmin.ElectricDevice,29,Medium Voltage Fuse,568,Cabinet Fuse,Single Terminal,meh.unadmin.ElectricLine,10,Medium Voltage Connector,180,Single Phase,,,,,,,
2096,JunctionEdgeConnectivity,meh.unadmin.ElectricDevice,29,Medium Voltage Fuse,568,Cabinet Fuse,Single Terminal,meh.unadmin.ElectricLine,10,Medium Voltage Connector,181,Three Phase,,,,,,,
2097,JunctionEdgeConnectivity,meh.unadmin.ElectricDevice,29,Medium Voltage Fuse,568,Cabinet Fuse,Single Terminal,meh.unadmin.ElectricLine,10,Medium Voltage Connector,182,Two Phase,,,,,,,
2161,JunctionEdgeConnectivity,meh.unadmin.ElectricDevice,29,Medium Voltage Fuse,569,Underground Fuse,Single Terminal,meh.unadmin.ElectricLine,8,Medium Voltage Busbar,140,Cabinet Single Phase,,,,,,,
2162,JunctionEdgeConnectivity,meh.unadmin.ElectricDevice,29,Medium Voltage Fuse,569,Underground Fuse,Single Terminal,meh.unadmin.ElectricLine,8,Medium Voltage Busbar,141,Cabinet Three Phase,,,,,,,
2163,JunctionEdgeConnectivity,meh.unadmin.ElectricDevice,29,Medium Voltage Fuse,569,Underground Fuse,Single Terminal,meh.unadmin.ElectricLine,9,Medium Voltage Conductor,163,Submersible Single Phase,,,,,,,
2164,JunctionEdgeConnectivity,meh.unadmin.ElectricDevice,29,Medium Voltage Fuse,569,Underground Fuse,Single Terminal,meh.unadmin.ElectricLine,9,Medium Voltage Conductor,164,Submersible Three Phase,,,,,,,
2165,JunctionEdgeConnectivity,meh.unadmin.ElectricDevice,29,Medium Voltage Fuse,569,Underground Fuse,Single Terminal,meh.unadmin.ElectricLine,9,Medium Voltage Conductor,165,Underground Single Phase,,,,,,,
2166,JunctionEdgeConnectivity,meh.unadmin.ElectricDevice,29,Medium Voltage Fuse,569,Underground Fuse,Single Terminal,meh.unadmin.ElectricLine,9,Medium Voltage Conductor,166,Underground Three Phase,,,,,,,
2167,JunctionEdgeConnectivity,meh.unadmin.ElectricDevice,29,Medium Voltage Fuse,569,Underground Fuse,Single Terminal,meh.unadmin.ElectricLine,9,Medium Voltage Conductor,167,Underground Two Phase,,,,,,,
2168,JunctionEdgeConnectivity,meh.unadmin.ElectricDevice,29,Medium Voltage Fuse,569,Underground Fuse,Single Terminal,meh.unadmin.ElectricLine,10,Medium Voltage Connector,180,Single Phase,,,,,,,
2169,JunctionEdgeConnectivity,meh.unadmin.ElectricDevice,29,Medium Voltage Fuse,569,Underground Fuse,Single Terminal,meh.unadmin.ElectricLine,10,Medium Voltage Connector,181,Three Phase,,,,,,,
2170,JunctionEdgeConnectivity,meh.unadmin.ElectricDevice,29,Medium Voltage Fuse,569,Underground Fuse,Single Terminal,meh.unadmin.ElectricLine,10,Medium Voltage Connector,182,Two Phase,,,,,,,
2171,JunctionEdgeConnectivity,meh.unadmin.ElectricDevice,29,Medium Voltage Fuse,570,Underground Fuse Disconnect,Single Terminal,meh.unadmin.ElectricLine,8,Medium Voltage Busbar,140,Cabinet Single Phase,,,,,,,
2172,JunctionEdgeConnectivity,meh.unadmin.ElectricDevice,29,Medium Voltage Fuse,570,Underground Fuse Disconnect,Single Terminal,meh.unadmin.ElectricLine,8,Medium Voltage Busbar,141,Cabinet Three Phase,,,,,,,
2173,JunctionEdgeConnectivity,meh.unadmin.ElectricDevice,29,Medium Voltage Fuse,570,Underground Fuse Disconnect,Single Terminal,meh.unadmin.ElectricLine,8,Medium Voltage Busbar,143,Station Three Phase,,,,,,,
2174,JunctionEdgeConnectivity,meh.unadmin.ElectricDevice,29,Medium Voltage Fuse,570,Underground Fuse Disconnect,Single Terminal,meh.unadmin.ElectricLine,9,Medium Voltage Conductor,161,Overhead Three Phase,,,,,,,
2175,JunctionEdgeConnectivity,meh.unadmin.ElectricDevice,29,Medium Voltage Fuse,570,Underground Fuse Disconnect,Single Terminal,meh.unadmin.ElectricLine,9,Medium Voltage Conductor,163,Submersible Single Phase,,,,,,,
2176,JunctionEdgeConnectivity,meh.unadmin.ElectricDevice,29,Medium Voltage Fuse,570,Underground Fuse Disconnect,Single Terminal,meh.unadmin.ElectricLine,9,Medium Voltage Conductor,164,Submersible Three Phase,,,,,,,
2177,JunctionEdgeConnectivity,meh.unadmin.ElectricDevice,29,Medium Voltage Fuse,570,Underground Fuse Disconnect,Single Terminal,meh.unadmin.ElectricLine,9,Medium Voltage Conductor,165,Underground Single Phase,,,,,,,
2178,JunctionEdgeConnectivity,meh.unadmin.ElectricDevice,29,Medium Voltage Fuse,570,Underground Fuse Disconnect,Single Terminal,meh.unadmin.ElectricLine,9,Medium Voltage Conductor,166,Underground Three Phase,,,,,,,
2179,JunctionEdgeConnectivity,meh.unadmin.ElectricDevice,29,Medium Voltage Fuse,570,Underground Fuse Disconnect,Single Terminal,meh.unadmin.ElectricLine,9,Medium Voltage Conductor,167,Underground Two Phase,,,,,,,
2180,JunctionEdgeConnectivity,meh.unadmin.ElectricDevice,29,Medium Voltage Fuse,570,Underground Fuse Disconnect,Single Terminal,meh.unadmin.ElectricLine,10,Medium Voltage Connector,180,Single Phase,,,,,,,
2181,JunctionEdgeConnectivity,meh.unadmin.ElectricDevice,29,Medium Voltage Fuse,570,Underground Fuse Disconnect,Single Terminal,meh.unadmin.ElectricLine,10,Medium Voltage Connector,181,Three Phase,,,,,,,
2182,JunctionEdgeConnectivity,meh.unadmin.ElectricDevice,29,Medium Voltage Fuse,570,Underground Fuse Disconnect,Single Terminal,meh.unadmin.ElectricLine,10,Medium Voltage Connector,182,Two Phase,,,,,,,
2183,JunctionEdgeConnectivity,meh.unadmin.ElectricDevice,29,Medium Voltage Fuse,571,Underground Fuse Load Break,SS:S1,meh.unadmin.ElectricLine,8,Medium Voltage Busbar,140,Cabinet Single Phase,,,,,,,
2193,JunctionEdgeConnectivity,meh.unadmin.ElectricDevice,29,Medium Voltage Fuse,571,Underground Fuse Load Break,SS:S2,meh.unadmin.ElectricLine,8,Medium Voltage Busbar,140,Cabinet Single Phase,,,,,,,
2184,JunctionEdgeConnectivity,meh.unadmin.ElectricDevice,29,Medium Voltage Fuse,571,Underground Fuse Load Break,SS:S1,meh.unadmin.ElectricLine,8,Medium Voltage Busbar,141,Cabinet Three Phase,,,,,,,
2194,JunctionEdgeConnectivity,meh.unadmin.ElectricDevice,29,Medium Voltage Fuse,571,Underground Fuse Load Break,SS:S2,meh.unadmin.ElectricLine,8,Medium Voltage Busbar,141,Cabinet Three Phase,,,,,,,
2185,JunctionEdgeConnectivity,meh.unadmin.ElectricDevice,29,Medium Voltage Fuse,571,Underground Fuse Load Break,SS:S1,meh.unadmin.ElectricLine,9,Medium Voltage Conductor,163,Submersible Single Phase,,,,,,,
2195,JunctionEdgeConnectivity,meh.unadmin.ElectricDevice,29,Medium Voltage Fuse,571,Underground Fuse Load Break,SS:S2,meh.unadmin.ElectricLine,9,Medium Voltage Conductor,163,Submersible Single Phase,,,,,,,
2186,JunctionEdgeConnectivity,meh.unadmin.ElectricDevice,29,Medium Voltage Fuse,571,Underground Fuse Load Break,SS:S1,meh.unadmin.ElectricLine,9,Medium Voltage Conductor,164,Submersible Three Phase,,,,,,,
2196,JunctionEdgeConnectivity,meh.unadmin.ElectricDevice,29,Medium Voltage Fuse,571,Underground Fuse Load Break,SS:S2,meh.unadmin.ElectricLine,9,Medium Voltage Conductor,164,Submersible Three Phase,,,,,,,
2187,JunctionEdgeConnectivity,meh.unadmin.ElectricDevice,29,Medium Voltage Fuse,571,Underground Fuse Load Break,SS:S1,meh.unadmin.ElectricLine,9,Medium Voltage Conductor,165,Underground Single Phase,,,,,,,
2197,JunctionEdgeConnectivity,meh.unadmin.ElectricDevice,29,Medium Voltage Fuse,571,Underground Fuse Load Break,SS:S2,meh.unadmin.ElectricLine,9,Medium Voltage Conductor,165,Underground Single Phase,,,,,,,
2188,JunctionEdgeConnectivity,meh.unadmin.ElectricDevice,29,Medium Voltage Fuse,571,Underground Fuse Load Break,SS:S1,meh.unadmin.ElectricLine,9,Medium Voltage Conductor,166,Underground Three Phase,,,,,,,
2198,JunctionEdgeConnectivity,meh.unadmin.ElectricDevice,29,Medium Voltage Fuse,571,Underground Fuse Load Break,SS:S2,meh.unadmin.ElectricLine,9,Medium Voltage Conductor,166,Underground Three Phase,,,,,,,
2189,JunctionEdgeConnectivity,meh.unadmin.ElectricDevice,29,Medium Voltage Fuse,571,Underground Fuse Load Break,SS:S1,meh.unadmin.ElectricLine,9,Medium Voltage Conductor,167,Underground Two Phase,,,,,,,
2199,JunctionEdgeConnectivity,meh.unadmin.ElectricDevice,29,Medium Voltage Fuse,571,Underground Fuse Load Break,SS:S2,meh.unadmin.ElectricLine,9,Medium Voltage Conductor,167,Underground Two Phase,,,,,,,
2190,JunctionEdgeConnectivity,meh.unadmin.ElectricDevice,29,Medium Voltage Fuse,571,Underground Fuse Load Break,SS:S1,meh.unadmin.ElectricLine,10,Medium Voltage Connector,180,Single Phase,,,,,,,
2200,JunctionEdgeConnectivity,meh.unadmin.ElectricDevice,29,Medium Voltage Fuse,571,Underground Fuse Load Break,SS:S2,meh.unadmin.ElectricLine,10,Medium Voltage Connector,180,Single Phase,,,,,,,
2191,JunctionEdgeConnectivity,meh.unadmin.ElectricDevice,29,Medium Voltage Fuse,571,Underground Fuse Load Break,SS:S1,meh.unadmin.ElectricLine,10,Medium Voltage Connector,181,Three Phase,,,,,,,
2201,JunctionEdgeConnectivity,meh.unadmin.ElectricDevice,29,Medium Voltage Fuse,571,Underground Fuse Load Break,SS:S2,meh.unadmin.ElectricLine,10,Medium Voltage Connector,181,Three Phase,,,,,,,
2192,JunctionEdgeConnectivity,meh.unadmin.ElectricDevice,29,Medium Voltage Fuse,571,Underground Fuse Load Break,SS:S1,meh.unadmin.ElectricLine,10,Medium Voltage Connector,182,Two Phase,,,,,,,
2202,JunctionEdgeConnectivity,meh.unadmin.ElectricDevice,29,Medium Voltage Fuse,571,Underground Fuse Load Break,SS:S2,meh.unadmin.ElectricLine,10,Medium Voltage Connector,182,Two Phase,,,,,,,
2206,JunctionEdgeConnectivity,meh.unadmin.ElectricDevice,34,Medium Voltage Power Factor Correcting,409,Station Capacitor,Single Terminal,meh.unadmin.ElectricLine,9,Medium Voltage Conductor,165,Underground Single Phase,,,,,,,
2207,JunctionEdgeConnectivity,meh.unadmin.ElectricDevice,34,Medium Voltage Power Factor Correcting,409,Station Capacitor,Single Terminal,meh.unadmin.ElectricLine,9,Medium Voltage Conductor,167,Underground Two Phase,,,,,,,
2203,JunctionEdgeConnectivity,meh.unadmin.ElectricDevice,34,Medium Voltage Power Factor Correcting,664,Overhead Single Phase Capacitor,Single Terminal,meh.unadmin.ElectricLine,9,Medium Voltage Conductor,160,Overhead Single Phase,,,,,,,
2204,JunctionEdgeConnectivity,meh.unadmin.ElectricDevice,34,Medium Voltage Power Factor Correcting,665,Overhead Three Phase Capacitor,Single Terminal,meh.unadmin.ElectricLine,9,Medium Voltage Conductor,161,Overhead Three Phase,,,,,,,
2205,JunctionEdgeConnectivity,meh.unadmin.ElectricDevice,34,Medium Voltage Power Factor Correcting,669,Pad Mounted Capacitor Three Phase,Single Terminal,meh.unadmin.ElectricLine,9,Medium Voltage Conductor,166,Underground Three Phase,,,,,,,
2208,JunctionEdgeConnectivity,meh.unadmin.ElectricDevice,35,Medium Voltage Regulator,681,Overhead Single Phase VR,VR:In Bushing,meh.unadmin.ElectricLine,9,Medium Voltage Conductor,160,Overhead Single Phase,,,,,,,
2209,JunctionEdgeConnectivity,meh.unadmin.ElectricDevice,35,Medium Voltage Regulator,681,Overhead Single Phase VR,VR:Out Bushing,meh.unadmin.ElectricLine,9,Medium Voltage Conductor,160,Overhead Single Phase,,,,,,,
2210,JunctionEdgeConnectivity,meh.unadmin.ElectricDevice,35,Medium Voltage Regulator,683,Overhead Three Phase VR,VR:In Bushing,meh.unadmin.ElectricLine,9,Medium Voltage Conductor,161,Overhead Three Phase,,,,,,,
2211,JunctionEdgeConnectivity,meh.unadmin.ElectricDevice,35,Medium Voltage Regulator,683,Overhead Three Phase VR,VR:Out Bushing,meh.unadmin.ElectricLine,9,Medium Voltage Conductor,161,Overhead Three Phase,,,,,,,
2212,JunctionEdgeConnectivity,meh.unadmin.ElectricDevice,35,Medium Voltage Regulator,685,Pad Mounted Single Phase VR,VR:In Bushing,meh.unadmin.ElectricLine,9,Medium Voltage Conductor,165,Underground Single Phase,,,,,,,
2213,JunctionEdgeConnectivity,meh.unadmin.ElectricDevice,35,Medium Voltage Regulator,685,Pad Mounted Single Phase VR,VR:Out Bushing,meh.unadmin.ElectricLine,9,Medium Voltage Conductor,165,Underground Single Phase,,,,,,,
2214,JunctionEdgeConnectivity,meh.unadmin.ElectricDevice,35,Medium Voltage Regulator,687,Pad Mounted Three Phase VR,VR:In Bushing,meh.unadmin.ElectricLine,9,Medium Voltage Conductor,166,Underground Three Phase,,,,,,,
2215,JunctionEdgeConnectivity,meh.unadmin.ElectricDevice,35,Medium Voltage Regulator,687,Pad Mounted Three Phase VR,VR:Out Bushing,meh.unadmin.ElectricLine,9,Medium Voltage Conductor,166,Underground Three Phase,,,,,,,
2216,JunctionEdgeConnectivity,meh.unadmin.ElectricDevice,36,Medium Voltage Service,701,Primary Meter - Industrial Customer,Single Terminal,meh.unadmin.ElectricLine,9,Medium Voltage Conductor,161,Overhead Three Phase,,,,,,,
2217,JunctionEdgeConnectivity,meh.unadmin.ElectricDevice,36,Medium Voltage Service,701,Primary Meter - Industrial Customer,Single Terminal,meh.unadmin.ElectricLine,9,Medium Voltage Conductor,164,Submersible Three Phase,,,,,,,
2218,JunctionEdgeConnectivity,meh.unadmin.ElectricDevice,36,Medium Voltage Service,701,Primary Meter - Industrial Customer,Single Terminal,meh.unadmin.ElectricLine,9,Medium Voltage Conductor,166,Underground Three Phase,,,,,,,
2219,JunctionEdgeConnectivity,meh.unadmin.ElectricDevice,36,Medium Voltage Service,702,Primary Meter - Utility Customer,Single Terminal,meh.unadmin.ElectricLine,9,Medium Voltage Conductor,161,Overhead Three Phase,,,,,,,
2220,JunctionEdgeConnectivity,meh.unadmin.ElectricDevice,36,Medium Voltage Service,702,Primary Meter - Utility Customer,Single Terminal,meh.unadmin.ElectricLine,9,Medium Voltage Conductor,164,Submersible Three Phase,,,,,,,
2221,JunctionEdgeConnectivity,meh.unadmin.ElectricDevice,36,Medium Voltage Service,702,Primary Meter - Utility Customer,Single Terminal,meh.unadmin.ElectricLine,9,Medium Voltage Conductor,166,Underground Three Phase,,,,,,,
2222,JunctionEdgeConnectivity,meh.unadmin.ElectricDevice,36,Medium Voltage Service,703,Primary Meter Circuit Source,CB:Bus Side,meh.unadmin.ElectricLine,9,Medium Voltage Conductor,161,Overhead Three Phase,,,,,,,
2223,JunctionEdgeConnectivity,meh.unadmin.ElectricDevice,36,Medium Voltage Service,703,Primary Meter Circuit Source,CB:Line Side,meh.unadmin.ElectricLine,9,Medium Voltage Conductor,161,Overhead Three Phase,,,,,,,
2224,JunctionEdgeConnectivity,meh.unadmin.ElectricDevice,36,Medium Voltage Service,703,Primary Meter Circuit Source,CB:Line Side,meh.unadmin.ElectricLine,9,Medium Voltage Conductor,164,Submersible Three Phase,,,,,,,
2225,JunctionEdgeConnectivity,meh.unadmin.ElectricDevice,36,Medium Voltage Service,703,Primary Meter Circuit Source,CB:Line Side,meh.unadmin.ElectricLine,9,Medium Voltage Conductor,166,Underground Three Phase,,,,,,,
2230,JunctionEdgeConnectivity,meh.unadmin.ElectricDevice,37,Medium Voltage Switch,722,Cabinet Switch,Single Terminal,meh.unadmin.ElectricLine,8,Medium Voltage Busbar,140,Cabinet Single Phase,,,,,,,
2231,JunctionEdgeConnectivity,meh.unadmin.ElectricDevice,37,Medium Voltage Switch,722,Cabinet Switch,Single Terminal,meh.unadmin.ElectricLine,8,Medium Voltage Busbar,141,Cabinet Three Phase,,,,,,,
2232,JunctionEdgeConnectivity,meh.unadmin.ElectricDevice,37,Medium Voltage Switch,728,Overhead Single Phase Disconnect,Single Terminal,meh.unadmin.ElectricLine,9,Medium Voltage Conductor,160,Overhead Single Phase,,,,,,,
2233,JunctionEdgeConnectivity,meh.unadmin.ElectricDevice,37,Medium Voltage Switch,728,Overhead Single Phase Disconnect,Single Terminal,meh.unadmin.ElectricLine,9,Medium Voltage Conductor,165,Underground Single Phase,,,,,,,
2234,JunctionEdgeConnectivity,meh.unadmin.ElectricDevice,37,Medium Voltage Switch,729,Overhead Single Phase Load Break,Single Terminal,meh.unadmin.ElectricLine,9,Medium Voltage Conductor,160,Overhead Single Phase,,,,,,,
2235,JunctionEdgeConnectivity,meh.unadmin.ElectricDevice,37,Medium Voltage Switch,729,Overhead Single Phase Load Break,Single Terminal,meh.unadmin.ElectricLine,9,Medium Voltage Conductor,165,Underground Single Phase,,,,,,,
2236,JunctionEdgeConnectivity,meh.unadmin.ElectricDevice,37,Medium Voltage Switch,730,Overhead Single Phase Recloser,SS:S1,meh.unadmin.ElectricLine,9,Medium Voltage Conductor,160,Overhead Single Phase,,,,,,,
2237,JunctionEdgeConnectivity,meh.unadmin.ElectricDevice,37,Medium Voltage Switch,730,Overhead Single Phase Recloser,SS:S2,meh.unadmin.ElectricLine,9,Medium Voltage Conductor,160,Overhead Single Phase,,,,,,,
2238,JunctionEdgeConnectivity,meh.unadmin.ElectricDevice,37,Medium Voltage Switch,732,Overhead Three Phase Disconnect,Single Terminal,meh.unadmin.ElectricLine,8,Medium Voltage Busbar,143,Station Three Phase,,,,,,,
2239,JunctionEdgeConnectivity,meh.unadmin.ElectricDevice,37,Medium Voltage Switch,732,Overhead Three Phase Disconnect,Single Terminal,meh.unadmin.ElectricLine,9,Medium Voltage Conductor,161,Overhead Three Phase,,,,,,,
2240,JunctionEdgeConnectivity,meh.unadmin.ElectricDevice,37,Medium Voltage Switch,733,Overhead Three Phase Load Break,SS:S1,meh.unadmin.ElectricLine,8,Medium Voltage Busbar,143,Station Three Phase,,,,,,,
2243,JunctionEdgeConnectivity,meh.unadmin.ElectricDevice,37,Medium Voltage Switch,733,Overhead Three Phase Load Break,SS:S2,meh.unadmin.ElectricLine,8,Medium Voltage Busbar,143,Station Three Phase,,,,,,,
2241,JunctionEdgeConnectivity,meh.unadmin.ElectricDevice,37,Medium Voltage Switch,733,Overhead Three Phase Load Break,SS:S1,meh.unadmin.ElectricLine,9,Medium Voltage Conductor,161,Overhead Three Phase,,,,,,,
2244,JunctionEdgeConnectivity,meh.unadmin.ElectricDevice,37,Medium Voltage Switch,733,Overhead Three Phase Load Break,SS:S2,meh.unadmin.ElectricLine,9,Medium Voltage Conductor,161,Overhead Three Phase,,,,,,,
2242,JunctionEdgeConnectivity,meh.unadmin.ElectricDevice,37,Medium Voltage Switch,733,Overhead Three Phase Load Break,SS:S1,meh.unadmin.ElectricLine,9,Medium Voltage Conductor,162,Overhead Two Phase,,,,,,,
2245,JunctionEdgeConnectivity,meh.unadmin.ElectricDevice,37,Medium Voltage Switch,733,Overhead Three Phase Load Break,SS:S2,meh.unadmin.ElectricLine,9,Medium Voltage Conductor,162,Overhead Two Phase,,,,,,,
2250,JunctionEdgeConnectivity,meh.unadmin.ElectricDevice,37,Medium Voltage Switch,744,Overhead Three Phase Recloser,SS:S2,meh.unadmin.ElectricLine,8,Medium Voltage Busbar,143,Station Three Phase,,,,,,,
2246,JunctionEdgeConnectivity,meh.unadmin.ElectricDevice,37,Medium Voltage Switch,744,Overhead Three Phase Recloser,SS:S1,meh.unadmin.ElectricLine,9,Medium Voltage Conductor,161,Overhead Three Phase,,,,,,,
2251,JunctionEdgeConnectivity,meh.unadmin.ElectricDevice,37,Medium Voltage Switch,744,Overhead Three Phase Recloser,SS:S2,meh.unadmin.ElectricLine,9,Medium Voltage Conductor,161,Overhead Three Phase,,,,,,,
2247,JunctionEdgeConnectivity,meh.unadmin.ElectricDevice,37,Medium Voltage Switch,744,Overhead Three Phase Recloser,SS:S1,meh.unadmin.ElectricLine,9,Medium Voltage Conductor,162,Overhead Two Phase,,,,,,,
2252,JunctionEdgeConnectivity,meh.unadmin.ElectricDevice,37,Medium Voltage Switch,744,Overhead Three Phase Recloser,SS:S2,meh.unadmin.ElectricLine,9,Medium Voltage Conductor,162,Overhead Two Phase,,,,,,,
2248,JunctionEdgeConnectivity,meh.unadmin.ElectricDevice,37,Medium Voltage Switch,744,Overhead Three Phase Recloser,SS:S1,meh.unadmin.ElectricLine,9,Medium Voltage Conductor,166,Underground Three Phase,,,,,,,
2253,JunctionEdgeConnectivity,meh.unadmin.ElectricDevice,37,Medium Voltage Switch,744,Overhead Three Phase Recloser,SS:S2,meh.unadmin.ElectricLine,9,Medium Voltage Conductor,166,Underground Three Phase,,,,,,,
2249,JunctionEdgeConnectivity,meh.unadmin.ElectricDevice,37,Medium Voltage Switch,744,Overhead Three Phase Recloser,SS:S1,meh.unadmin.ElectricLine,9,Medium Voltage Conductor,167,Underground Two Phase,,,,,,,
2254,JunctionEdgeConnectivity,meh.unadmin.ElectricDevice,37,Medium Voltage Switch,744,Overhead Three Phase Recloser,SS:S2,meh.unadmin.ElectricLine,9,Medium Voltage Conductor,167,Underground Two Phase,,,,,,,
2255,JunctionEdgeConnectivity,meh.unadmin.ElectricDevice,37,Medium Voltage Switch,745,Overhead Three Phase Sectionalizer,Single Terminal,meh.unadmin.ElectricLine,9,Medium Voltage Conductor,161,Overhead Three Phase,,,,,,,
2256,JunctionEdgeConnectivity,meh.unadmin.ElectricDevice,37,Medium Voltage Switch,747,Pad Mounted Single Phase Recloser,SS:S1,meh.unadmin.ElectricLine,9,Medium Voltage Conductor,165,Underground Single Phase,,,,,,,
2257,JunctionEdgeConnectivity,meh.unadmin.ElectricDevice,37,Medium Voltage Switch,747,Pad Mounted Single Phase Recloser,SS:S2,meh.unadmin.ElectricLine,9,Medium Voltage Conductor,165,Underground Single Phase,,,,,,,
2258,JunctionEdgeConnectivity,meh.unadmin.ElectricDevice,37,Medium Voltage Switch,748,Pad Mounted Three Phase Recloser,SS:S1,meh.unadmin.ElectricLine,9,Medium Voltage Conductor,162,Overhead Two Phase,,,,,,,
2261,JunctionEdgeConnectivity,meh.unadmin.ElectricDevice,37,Medium Voltage Switch,748,Pad Mounted Three Phase Recloser,SS:S2,meh.unadmin.ElectricLine,9,Medium Voltage Conductor,162,Overhead Two Phase,,,,,,,
2259,JunctionEdgeConnectivity,meh.unadmin.ElectricDevice,37,Medium Voltage Switch,748,Pad Mounted Three Phase Recloser,SS:S1,meh.unadmin.ElectricLine,9,Medium Voltage Conductor,166,Underground Three Phase,,,,,,,
2262,JunctionEdgeConnectivity,meh.unadmin.ElectricDevice,37,Medium Voltage Switch,748,Pad Mounted Three Phase Recloser,SS:S2,meh.unadmin.ElectricLine,9,Medium Voltage Conductor,166,Underground Three Phase,,,,,,,
2260,JunctionEdgeConnectivity,meh.unadmin.ElectricDevice,37,Medium Voltage Switch,748,Pad Mounted Three Phase Recloser,SS:S1,meh.unadmin.ElectricLine,9,Medium Voltage Conductor,167,Underground Two Phase,,,,,,,
2263,JunctionEdgeConnectivity,meh.unadmin.ElectricDevice,37,Medium Voltage Switch,748,Pad Mounted Three Phase Recloser,SS:S2,meh.unadmin.ElectricLine,9,Medium Voltage Conductor,167,Underground Two Phase,,,,,,,
2264,JunctionEdgeConnectivity,meh.unadmin.ElectricDevice,37,Medium Voltage Switch,752,Station Three Phase,CB:Bus Side,meh.unadmin.ElectricLine,8,Medium Voltage Busbar,143,Station Three Phase,,,,,,,
2267,JunctionEdgeConnectivity,meh.unadmin.ElectricDevice,37,Medium Voltage Switch,752,Station Three Phase,CB:Line Side,meh.unadmin.ElectricLine,8,Medium Voltage Busbar,143,Station Three Phase,,,,,,,
2265,JunctionEdgeConnectivity,meh.unadmin.ElectricDevice,37,Medium Voltage Switch,752,Station Three Phase,CB:Bus Side,meh.unadmin.ElectricLine,9,Medium Voltage Conductor,161,Overhead Three Phase,,,,,,,
2268,JunctionEdgeConnectivity,meh.unadmin.ElectricDevice,37,Medium Voltage Switch,752,Station Three Phase,CB:Line Side,meh.unadmin.ElectricLine,9,Medium Voltage Conductor,164,Submersible Three Phase,,,,,,,
2269,JunctionEdgeConnectivity,meh.unadmin.ElectricDevice,37,Medium Voltage Switch,752,Station Three Phase,CB:Line Side,meh.unadmin.ElectricLine,9,Medium Voltage Conductor,166,Underground Three Phase,,,,,,,
2266,JunctionEdgeConnectivity,meh.unadmin.ElectricDevice,37,Medium Voltage Switch,752,Station Three Phase,CB:Bus Side,meh.unadmin.ElectricLine,10,Medium Voltage Connector,181,Three Phase,,,,,,,
2270,JunctionEdgeConnectivity,meh.unadmin.ElectricDevice,37,Medium Voltage Switch,752,Station Three Phase,CB:Line Side,meh.unadmin.ElectricLine,10,Medium Voltage Connector,181,Three Phase,,,,,,,
2272,JunctionEdgeConnectivity,meh.unadmin.ElectricDevice,37,Medium Voltage Switch,755,Underground Single Phase Disconnect,Single Terminal,meh.unadmin.ElectricLine,8,Medium Voltage Busbar,140,Cabinet Single Phase,,,,,,,
2273,JunctionEdgeConnectivity,meh.unadmin.ElectricDevice,37,Medium Voltage Switch,755,Underground Single Phase Disconnect,Single Terminal,meh.unadmin.ElectricLine,9,Medium Voltage Conductor,165,Underground Single Phase,,,,,,,
2274,JunctionEdgeConnectivity,meh.unadmin.ElectricDevice,37,Medium Voltage Switch,755,Underground Single Phase Disconnect,Single Terminal,meh.unadmin.ElectricLine,10,Medium Voltage Connector,180,Single Phase,,,,,,,
2275,JunctionEdgeConnectivity,meh.unadmin.ElectricDevice,37,Medium Voltage Switch,758,Underground Single Phase Load Break,Single Terminal,meh.unadmin.ElectricLine,8,Medium Voltage Busbar,140,Cabinet Single Phase,,,,,,,
2276,JunctionEdgeConnectivity,meh.unadmin.ElectricDevice,37,Medium Voltage Switch,758,Underground Single Phase Load Break,Single Terminal,meh.unadmin.ElectricLine,8,Medium Voltage Busbar,143,Station Three Phase,,,,,,,
2277,JunctionEdgeConnectivity,meh.unadmin.ElectricDevice,37,Medium Voltage Switch,758,Underground Single Phase Load Break,Single Terminal,meh.unadmin.ElectricLine,9,Medium Voltage Conductor,165,Underground Single Phase,,,,,,,
2278,JunctionEdgeConnectivity,meh.unadmin.ElectricDevice,37,Medium Voltage Switch,758,Underground Single Phase Load Break,Single Terminal,meh.unadmin.ElectricLine,10,Medium Voltage Connector,180,Single Phase,,,,,,,
2279,JunctionEdgeConnectivity,meh.unadmin.ElectricDevice,37,Medium Voltage Switch,759,Underground Three Phase Disconnect,Single Terminal,meh.unadmin.ElectricLine,8,Medium Voltage Busbar,141,Cabinet Three Phase,,,,,,,
2280,JunctionEdgeConnectivity,meh.unadmin.ElectricDevice,37,Medium Voltage Switch,759,Underground Three Phase Disconnect,Single Terminal,meh.unadmin.ElectricLine,8,Medium Voltage Busbar,143,Station Three Phase,,,,,,,
2281,JunctionEdgeConnectivity,meh.unadmin.ElectricDevice,37,Medium Voltage Switch,759,Underground Three Phase Disconnect,Single Terminal,meh.unadmin.ElectricLine,9,Medium Voltage Conductor,165,Underground Single Phase,,,,,,,
2282,JunctionEdgeConnectivity,meh.unadmin.ElectricDevice,37,Medium Voltage Switch,759,Underground Three Phase Disconnect,Single Terminal,meh.unadmin.ElectricLine,9,Medium Voltage Conductor,166,Underground Three Phase,,,,,,,
2283,JunctionEdgeConnectivity,meh.unadmin.ElectricDevice,37,Medium Voltage Switch,759,Underground Three Phase Disconnect,Single Terminal,meh.unadmin.ElectricLine,10,Medium Voltage Connector,181,Three Phase,,,,,,,
2284,JunctionEdgeConnectivity,meh.unadmin.ElectricDevice,37,Medium Voltage Switch,760,Underground Three Phase Load Break,SS:S1,meh.unadmin.ElectricLine,8,Medium Voltage Busbar,141,Cabinet Three Phase,,,,,,,
2290,JunctionEdgeConnectivity,meh.unadmin.ElectricDevice,37,Medium Voltage Switch,760,Underground Three Phase Load Break,SS:S2,meh.unadmin.ElectricLine,8,Medium Voltage Busbar,141,Cabinet Three Phase,,,,,,,
2285,JunctionEdgeConnectivity,meh.unadmin.ElectricDevice,37,Medium Voltage Switch,760,Underground Three Phase Load Break,SS:S1,meh.unadmin.ElectricLine,8,Medium Voltage Busbar,143,Station Three Phase,,,,,,,
2291,JunctionEdgeConnectivity,meh.unadmin.ElectricDevice,37,Medium Voltage Switch,760,Underground Three Phase Load Break,SS:S2,meh.unadmin.ElectricLine,8,Medium Voltage Busbar,143,Station Three Phase,,,,,,,
2286,JunctionEdgeConnectivity,meh.unadmin.ElectricDevice,37,Medium Voltage Switch,760,Underground Three Phase Load Break,SS:S1,meh.unadmin.ElectricLine,9,Medium Voltage Conductor,161,Overhead Three Phase,,,,,,,
2292,JunctionEdgeConnectivity,meh.unadmin.ElectricDevice,37,Medium Voltage Switch,760,Underground Three Phase Load Break,SS:S2,meh.unadmin.ElectricLine,9,Medium Voltage Conductor,161,Overhead Three Phase,,,,,,,
2287,JunctionEdgeConnectivity,meh.unadmin.ElectricDevice,37,Medium Voltage Switch,760,Underground Three Phase Load Break,SS:S1,meh.unadmin.ElectricLine,9,Medium Voltage Conductor,165,Underground Single Phase,,,,,,,
2293,JunctionEdgeConnectivity,meh.unadmin.ElectricDevice,37,Medium Voltage Switch,760,Underground Three Phase Load Break,SS:S2,meh.unadmin.ElectricLine,9,Medium Voltage Conductor,165,Underground Single Phase,,,,,,,
2288,JunctionEdgeConnectivity,meh.unadmin.ElectricDevice,37,Medium Voltage Switch,760,Underground Three Phase Load Break,SS:S1,meh.unadmin.ElectricLine,9,Medium Voltage Conductor,166,Underground Three Phase,,,,,,,
2294,JunctionEdgeConnectivity,meh.unadmin.ElectricDevice,37,Medium Voltage Switch,760,Underground Three Phase Load Break,SS:S2,meh.unadmin.ElectricLine,9,Medium Voltage Conductor,166,Underground Three Phase,,,,,,,
2289,JunctionEdgeConnectivity,meh.unadmin.ElectricDevice,37,Medium Voltage Switch,760,Underground Three Phase Load Break,SS:S1,meh.unadmin.ElectricLine,10,Medium Voltage Connector,181,Three Phase,,,,,,,
2295,JunctionEdgeConnectivity,meh.unadmin.ElectricDevice,37,Medium Voltage Switch,760,Underground Three Phase Load Break,SS:S2,meh.unadmin.ElectricLine,10,Medium Voltage Connector,181,Three Phase,,,,,,,
2271,JunctionEdgeConnectivity,meh.unadmin.ElectricDevice,37,Medium Voltage Switch,762,Two Phase Switch,Single Terminal,meh.unadmin.ElectricLine,9,Medium Voltage Conductor,162,Overhead Two Phase,,,,,,,
2226,JunctionEdgeConnectivity,meh.unadmin.ElectricDevice,37,Medium Voltage Switch,765,Bus Tie Breaker,Single Terminal,meh.unadmin.ElectricLine,8,Medium Voltage Busbar,142,Station Single Phase,,,,,,,
2227,JunctionEdgeConnectivity,meh.unadmin.ElectricDevice,37,Medium Voltage Switch,765,Bus Tie Breaker,Single Terminal,meh.unadmin.ElectricLine,8,Medium Voltage Busbar,143,Station Three Phase,,,,,,,
2228,JunctionEdgeConnectivity,meh.unadmin.ElectricDevice,37,Medium Voltage Switch,765,Bus Tie Breaker,Single Terminal,meh.unadmin.ElectricLine,10,Medium Voltage Connector,180,Single Phase,,,,,,,
2229,JunctionEdgeConnectivity,meh.unadmin.ElectricDevice,37,Medium Voltage Switch,765,Bus Tie Breaker,Single Terminal,meh.unadmin.ElectricLine,10,Medium Voltage Connector,181,Three Phase,,,,,,,
2299,JunctionEdgeConnectivity,meh.unadmin.ElectricDevice,38,Medium Voltage Transformer,785,Overhead Single Phase,XFR:Low,meh.unadmin.ElectricLine,6,Low Voltage Conductor,100,Overhead,,,,,,,
2300,JunctionEdgeConnectivity,meh.unadmin.ElectricDevice,38,Medium Voltage Transformer,785,Overhead Single Phase,XFR:Low,meh.unadmin.ElectricLine,6,Low Voltage Conductor,102,Underground,,,,,,,
2296,JunctionEdgeConnectivity,meh.unadmin.ElectricDevice,38,Medium Voltage Transformer,785,Overhead Single Phase,XFR:High,meh.unadmin.ElectricLine,9,Medium Voltage Conductor,160,Overhead Single Phase,,,,,,,
2297,JunctionEdgeConnectivity,meh.unadmin.ElectricDevice,38,Medium Voltage Transformer,785,Overhead Single Phase,XFR:High,meh.unadmin.ElectricLine,9,Medium Voltage Conductor,161,Overhead Three Phase,,,,,,,
2298,JunctionEdgeConnectivity,meh.unadmin.ElectricDevice,38,Medium Voltage Transformer,785,Overhead Single Phase,XFR:High,meh.unadmin.ElectricLine,9,Medium Voltage Conductor,162,Overhead Two Phase,,,,,,,
2301,JunctionEdgeConnectivity,meh.unadmin.ElectricDevice,38,Medium Voltage Transformer,787,Overhead Step Three Phase,XFR:High,meh.unadmin.ElectricLine,8,Medium Voltage Busbar,143,Station Three Phase,,,,,,,
2303,JunctionEdgeConnectivity,meh.unadmin.ElectricDevice,38,Medium Voltage Transformer,787,Overhead Step Three Phase,XFR:Low,meh.unadmin.ElectricLine,8,Medium Voltage Busbar,143,Station Three Phase,,,,,,,
2302,JunctionEdgeConnectivity,meh.unadmin.ElectricDevice,38,Medium Voltage Transformer,787,Overhead Step Three Phase,XFR:High,meh.unadmin.ElectricLine,9,Medium Voltage Conductor,161,Overhead Three Phase,,,,,,,
2304,JunctionEdgeConnectivity,meh.unadmin.ElectricDevice,38,Medium Voltage Transformer,787,Overhead Step Three Phase,XFR:Low,meh.unadmin.ElectricLine,9,Medium Voltage Conductor,161,Overhead Three Phase,,,,,,,
2306,JunctionEdgeConnectivity,meh.unadmin.ElectricDevice,38,Medium Voltage Transformer,788,Overhead Three Phase,XFR:Low,meh.unadmin.ElectricLine,6,Low Voltage Conductor,100,Overhead,,,,,,,
2307,JunctionEdgeConnectivity,meh.unadmin.ElectricDevice,38,Medium Voltage Transformer,788,Overhead Three Phase,XFR:Low,meh.unadmin.ElectricLine,6,Low Voltage Conductor,102,Underground,,,,,,,
2305,JunctionEdgeConnectivity,meh.unadmin.ElectricDevice,38,Medium Voltage Transformer,788,Overhead Three Phase,XFR:High,meh.unadmin.ElectricLine,9,Medium Voltage Conductor,161,Overhead Three Phase,,,,,,,
2311,JunctionEdgeConnectivity,meh.unadmin.ElectricDevice,38,Medium Voltage Transformer,789,Pad Mounted Single Phase,XFR:Low,meh.unadmin.ElectricLine,6,Low Voltage Conductor,102,Underground,,,,,,,
2308,JunctionEdgeConnectivity,meh.unadmin.ElectricDevice,38,Medium Voltage Transformer,789,Pad Mounted Single Phase,XFR:High,meh.unadmin.ElectricLine,8,Medium Voltage Busbar,140,Cabinet Single Phase,,,,,,,
2309,JunctionEdgeConnectivity,meh.unadmin.ElectricDevice,38,Medium Voltage Transformer,789,Pad Mounted Single Phase,XFR:High,meh.unadmin.ElectricLine,9,Medium Voltage Conductor,165,Underground Single Phase,,,,,,,
2310,JunctionEdgeConnectivity,meh.unadmin.ElectricDevice,38,Medium Voltage Transformer,789,Pad Mounted Single Phase,XFR:High,meh.unadmin.ElectricLine,9,Medium Voltage Conductor,167,Underground Two Phase,,,,,,,
2312,JunctionEdgeConnectivity,meh.unadmin.ElectricDevice,38,Medium Voltage Transformer,790,Pad Mounted Step Single Phase,XFR:High,meh.unadmin.ElectricLine,8,Medium Voltage Busbar,140,Cabinet Single Phase,,,,,,,
2313,JunctionEdgeConnectivity,meh.unadmin.ElectricDevice,38,Medium Voltage Transformer,791,Pad Mounted Step Three Phase,XFR:High,meh.unadmin.ElectricLine,8,Medium Voltage Busbar,141,Cabinet Three Phase,,,,,,,
2314,JunctionEdgeConnectivity,meh.unadmin.ElectricDevice,38,Medium Voltage Transformer,791,Pad Mounted Step Three Phase,XFR:High,meh.unadmin.ElectricLine,8,Medium Voltage Busbar,143,Station Three Phase,,,,,,,
2316,JunctionEdgeConnectivity,meh.unadmin.ElectricDevice,38,Medium Voltage Transformer,791,Pad Mounted Step Three Phase,XFR:Low,meh.unadmin.ElectricLine,8,Medium Voltage Busbar,143,Station Three Phase,,,,,,,
2315,JunctionEdgeConnectivity,meh.unadmin.ElectricDevice,38,Medium Voltage Transformer,791,Pad Mounted Step Three Phase,XFR:High,meh.unadmin.ElectricLine,9,Medium Voltage Conductor,166,Underground Three Phase,,,,,,,
2317,JunctionEdgeConnectivity,meh.unadmin.ElectricDevice,38,Medium Voltage Transformer,791,Pad Mounted Step Three Phase,XFR:Low,meh.unadmin.ElectricLine,9,Medium Voltage Conductor,166,Underground Three Phase,,,,,,,
2321,JunctionEdgeConnectivity,meh.unadmin.ElectricDevice,38,Medium Voltage Transformer,792,Pad Mounted Three Phase,XFR:Low,meh.unadmin.ElectricLine,6,Low Voltage Conductor,102,Underground,,,,,,,
2318,JunctionEdgeConnectivity,meh.unadmin.ElectricDevice,38,Medium Voltage Transformer,792,Pad Mounted Three Phase,XFR:High,meh.unadmin.ElectricLine,8,Medium Voltage Busbar,141,Cabinet Three Phase,,,,,,,
2319,JunctionEdgeConnectivity,meh.unadmin.ElectricDevice,38,Medium Voltage Transformer,792,Pad Mounted Three Phase,XFR:High,meh.unadmin.ElectricLine,9,Medium Voltage Conductor,166,Underground Three Phase,,,,,,,
2320,JunctionEdgeConnectivity,meh.unadmin.ElectricDevice,38,Medium Voltage Transformer,792,Pad Mounted Three Phase,XFR:High,meh.unadmin.ElectricLine,9,Medium Voltage Conductor,167,Underground Two Phase,,,,,,,
2329,JunctionEdgeConnectivity,meh.unadmin.ElectricDevice,38,Medium Voltage Transformer,793,Subsurface Single Phase,XFR:Low,meh.unadmin.ElectricLine,6,Low Voltage Conductor,102,Underground,,,,,,,
2330,JunctionEdgeConnectivity,meh.unadmin.ElectricDevice,38,Medium Voltage Transformer,793,Subsurface Single Phase,XFR:Low,meh.unadmin.ElectricLine,7,Low Voltage Connector,120,Connector,,,,,,,
2322,JunctionEdgeConnectivity,meh.unadmin.ElectricDevice,38,Medium Voltage Transformer,793,Subsurface Single Phase,XFR:High,meh.unadmin.ElectricLine,8,Medium Voltage Busbar,140,Cabinet Single Phase,,,,,,,
2323,JunctionEdgeConnectivity,meh.unadmin.ElectricDevice,38,Medium Voltage Transformer,793,Subsurface Single Phase,XFR:High,meh.unadmin.ElectricLine,8,Medium Voltage Busbar,142,Station Single Phase,,,,,,,
2324,JunctionEdgeConnectivity,meh.unadmin.ElectricDevice,38,Medium Voltage Transformer,793,Subsurface Single Phase,XFR:High,meh.unadmin.ElectricLine,9,Medium Voltage Conductor,161,Overhead Three Phase,,,,,,,
2325,JunctionEdgeConnectivity,meh.unadmin.ElectricDevice,38,Medium Voltage Transformer,793,Subsurface Single Phase,XFR:High,meh.unadmin.ElectricLine,9,Medium Voltage Conductor,165,Underground Single Phase,,,,,,,
2326,JunctionEdgeConnectivity,meh.unadmin.ElectricDevice,38,Medium Voltage Transformer,793,Subsurface Single Phase,XFR:High,meh.unadmin.ElectricLine,9,Medium Voltage Conductor,166,Underground Three Phase,,,,,,,
2327,JunctionEdgeConnectivity,meh.unadmin.ElectricDevice,38,Medium Voltage Transformer,793,Subsurface Single Phase,XFR:High,meh.unadmin.ElectricLine,9,Medium Voltage Conductor,167,Underground Two Phase,,,,,,,
2328,JunctionEdgeConnectivity,meh.unadmin.ElectricDevice,38,Medium Voltage Transformer,793,Subsurface Single Phase,XFR:High,meh.unadmin.ElectricLine,10,Medium Voltage Connector,180,Single Phase,,,,,,,
2337,JunctionEdgeConnectivity,meh.unadmin.ElectricDevice,38,Medium Voltage Transformer,794,Subsurface Three Phase,XFR:Low,meh.unadmin.ElectricLine,6,Low Voltage Conductor,102,Underground,,,,,,,
2338,JunctionEdgeConnectivity,meh.unadmin.ElectricDevice,38,Medium Voltage Transformer,794,Subsurface Three Phase,XFR:Low,meh.unadmin.ElectricLine,7,Low Voltage Connector,120,Connector,,,,,,,
2331,JunctionEdgeConnectivity,meh.unadmin.ElectricDevice,38,Medium Voltage Transformer,794,Subsurface Three Phase,XFR:High,meh.unadmin.ElectricLine,8,Medium Voltage Busbar,141,Cabinet Three Phase,,,,,,,
2332,JunctionEdgeConnectivity,meh.unadmin.ElectricDevice,38,Medium Voltage Transformer,794,Subsurface Three Phase,XFR:High,meh.unadmin.ElectricLine,8,Medium Voltage Busbar,143,Station Three Phase,,,,,,,
2333,JunctionEdgeConnectivity,meh.unadmin.ElectricDevice,38,Medium Voltage Transformer,794,Subsurface Three Phase,XFR:High,meh.unadmin.ElectricLine,9,Medium Voltage Conductor,165,Underground Single Phase,,,,,,,
2334,JunctionEdgeConnectivity,meh.unadmin.ElectricDevice,38,Medium Voltage Transformer,794,Subsurface Three Phase,XFR:High,meh.unadmin.ElectricLine,9,Medium Voltage Conductor,166,Underground Three Phase,,,,,,,
2335,JunctionEdgeConnectivity,meh.unadmin.ElectricDevice,38,Medium Voltage Transformer,794,Subsurface Three Phase,XFR:High,meh.unadmin.ElectricLine,9,Medium Voltage Conductor,167,Underground Two Phase,,,,,,,
2336,JunctionEdgeConnectivity,meh.unadmin.ElectricDevice,38,Medium Voltage Transformer,794,Subsurface Three Phase,XFR:High,meh.unadmin.ElectricLine,10,Medium Voltage Connector,181,Three Phase,,,,,,,
1948,JunctionEdgeConnectivity,meh.unadmin.StructureJunction,103,Electric Handhole,81,Handhole,,meh.unadmin.StructureLine,101,Electric Duct,41,Duct,,,,,,,
1949,JunctionEdgeConnectivity,meh.unadmin.StructureJunction,103,Electric Handhole,81,Handhole,,meh.unadmin.StructureLine,102,Electric Duct Bank,81,Duct Bank,,,,,,,
1950,JunctionEdgeConnectivity,meh.unadmin.StructureJunction,104,Electric Junction Box,121,Junction Box,,meh.unadmin.StructureLine,101,Electric Duct,41,Duct,,,,,,,
1951,JunctionEdgeConnectivity,meh.unadmin.StructureJunction,104,Electric Junction Box,121,Junction Box,,meh.unadmin.StructureLine,102,Electric Duct Bank,81,Duct Bank,,,,,,,
1952,JunctionEdgeConnectivity,meh.unadmin.StructureJunction,105,Electric Manhole,161,Manhole,,meh.unadmin.StructureLine,101,Electric Duct,41,Duct,,,,,,,
1953,JunctionEdgeConnectivity,meh.unadmin.StructureJunction,105,Electric Manhole,161,Manhole,,meh.unadmin.StructureLine,102,Electric Duct Bank,81,Duct Bank,,,,,,,
1954,JunctionEdgeConnectivity,meh.unadmin.StructureJunction,110,Electric Vault,361,Vault,,meh.unadmin.StructureLine,101,Electric Duct,41,Duct,,,,,,,
1955,JunctionEdgeConnectivity,meh.unadmin.StructureJunction,110,Electric Vault,361,Vault,,meh.unadmin.StructureLine,102,Electric Duct Bank,81,Duct Bank,,,,,,,
